,sym_1,sym_2,p_value,t_value,c_value,hedge_ratio,zero_crossings
944,TUSDT,FLRUSDT,0.02,-3.6,-3.37,1.05,52
1278,YFIUSDT,FLRUSDT,0.0,-6.27,-3.37,261336.75,49
492,QTUMUSDT,FLRUSDT,0.04,-3.4,-3.37,95.19,48
440,QNTUSDT,FLRUSDT,0.0,-5.9,-3.37,3429.93,48
738,STMXUSDT,STORJUSDT,0.0,-4.18,-3.37,0.01,47
1346,ZECUSDT,LPTUSDT,0.01,-3.9,-3.37,6.47,45
835,SUSHIUSDT,FLRUSDT,0.02,-3.75,-3.37,33.88,44
943,TUSDT,CEEKUSDT,0.0,-4.84,-3.37,0.41,43
1322,ZECUSDT,1INCHUSDT,0.0,-4.98,-3.37,74.74,43
794,SUNUSDT,JSTUSDT,0.02,-3.66,-3.37,0.22,42
1183,XMRUSDT,JSTUSDT,0.0,-4.61,-3.37,5823.59,42
1266,YFIUSDT,APEUSDT,0.01,-3.87,-3.37,2028.72,42
824,SUSHIUSDT,CEEKUSDT,0.01,-4.01,-3.37,13.36,41
1116,XEMUSDT,HBARUSDT,0.04,-3.43,-3.37,0.62,41
364,PEOPLEUSDT,ETHWUSDT,0.02,-3.61,-3.37,0.01,41
1330,ZECUSDT,CELOUSDT,0.01,-3.86,-3.37,59.51,41
1247,XTZUSDT,FLOWUSDT,0.02,-3.7,-3.37,1.1,41
1008,VETUSDT,API3USDT,0.0,-5.23,-3.37,0.02,41
746,STORJUSDT,FLRUSDT,0.0,-4.41,-3.37,11.57,40
1113,XEMUSDT,FLRUSDT,0.0,-4.5,-3.37,1.2,40
1338,ZECUSDT,GLMRUSDT,0.05,-3.37,-3.37,105.21,39
1336,ZECUSDT,FLOWUSDT,0.0,-5.38,-3.37,40.27,39
1130,XLMUSDT,BATUSDT,0.01,-3.87,-3.37,0.37,39
1120,XEMUSDT,KNCUSDT,0.02,-3.68,-3.37,0.05,39
675,SLPUSDT,REQUSDT,0.0,-4.64,-3.37,0.03,39
360,PEOPLEUSDT,CRVUSDT,0.04,-3.46,-3.37,0.02,39
1138,XLMUSDT,FLRUSDT,0.0,-5.48,-3.37,3.03,38
600,SFPUSDT,COMPUSDT,0.0,-5.06,-3.37,0.01,38
970,UNIUSDT,BTCUSDT,0.0,-4.17,-3.37,0.0,38
569,SANDUSDT,COMPUSDT,0.01,-3.91,-3.37,0.02,38
1082,WOOUSDT,HIGHUSDT,0.01,-3.93,-3.37,0.13,37
1275,YFIUSDT,ETCUSDT,0.03,-3.48,-3.37,413.63,37
971,UNIUSDT,CEEKUSDT,0.0,-5.02,-3.37,70.9,37
1319,YGGUSDT,TRBUSDT,0.01,-3.95,-3.37,0.02,37
1013,VETUSDT,CEEKUSDT,0.0,-4.82,-3.37,0.29,37
1011,VETUSDT,BOBAUSDT,0.01,-4.08,-3.37,0.11,37
814,SUSHIUSDT,ANKRUSDT,0.03,-3.5,-3.37,32.44,36
1015,VETUSDT,ENJUSDT,0.03,-3.49,-3.37,0.06,36
1354,ZENUSDT,ACHUSDT,0.0,-4.29,-3.37,285.42,36
505,RENUSDT,CKBUSDT,0.05,-3.37,-3.37,24.11,36
729,STMXUSDT,FLRUSDT,0.0,-4.52,-3.37,0.17,36
1216,XNOUSDT,MKRUSDT,0.0,-4.31,-3.37,0.0,36
1295,YFIUSDT,XLMUSDT,0.0,-5.11,-3.37,86287.8,35
1005,VETUSDT,ACHUSDT,0.0,-4.16,-3.37,0.66,35
1351,ZECUSDT,NKNUSDT,0.04,-3.4,-3.37,335.49,35
1373,ZENUSDT,ILVUSDT,0.0,-4.24,-3.37,0.18,35
598,SFPUSDT,CELOUSDT,0.02,-3.67,-3.37,0.71,35
993,UNIUSDT,OCEANUSDT,0.04,-3.4,-3.37,14.85,34
834,SUSHIUSDT,FLOWUSDT,0.02,-3.62,-3.37,1.14,34
1207,XNOUSDT,DENTUSDT,0.02,-3.69,-3.37,790.29,34
178,OPUSDT,CEEKUSDT,0.0,-5.12,-3.37,30.17,34
515,RENUSDT,WOOUSDT,0.01,-3.88,-3.37,0.36,34
722,STMXUSDT,BATUSDT,0.01,-3.91,-3.37,0.02,34
362,PEOPLEUSDT,EOSUSDT,0.03,-3.54,-3.37,0.02,34
1210,XNOUSDT,ENSUSDT,0.03,-3.48,-3.37,0.07,34
978,UNIUSDT,FLRUSDT,0.0,-4.31,-3.37,179.8,34
1139,XLMUSDT,HBARUSDT,0.04,-3.45,-3.37,1.56,33
631,SHIB1000USDT,BSWUSDT,0.0,-4.19,-3.37,0.06,33
1291,YFIUSDT,STMXUSDT,0.01,-3.97,-3.37,1507260.62,33
568,SANDUSDT,CEEKUSDT,0.01,-3.97,-3.37,7.73,33
628,SHIB1000USDT,BITUSDT,0.0,-4.25,-3.37,0.02,33
604,SFPUSDT,ENJUSDT,0.0,-5.13,-3.37,1.13,33
564,SANDUSDT,ARBUSDT,0.01,-3.81,-3.37,0.42,33
1105,XEMUSDT,ARBUSDT,0.03,-3.51,-3.37,0.03,33
1302,YGGUSDT,BANDUSDT,0.03,-3.55,-3.37,0.14,33
712,STGUSDT,CELUSDT,0.03,-3.49,-3.37,2.55,33
1298,YGGUSDT,1000FLOKIUSDT,0.01,-3.83,-3.37,7.83,33
630,SHIB1000USDT,BOBAUSDT,0.0,-5.78,-3.37,0.05,33
1318,YGGUSDT,TLMUSDT,0.0,-4.2,-3.37,12.75,33
963,UNIUSDT,API3USDT,0.01,-3.78,-3.37,3.72,33
975,UNIUSDT,ETHUSDT,0.0,-4.86,-3.37,0.0,33
917,TRUUSDT,CELOUSDT,0.03,-3.57,-3.37,0.11,32
900,TRBUSDT,ILVUSDT,0.01,-3.91,-3.37,0.25,32
933,TRUUSDT,MAGICUSDT,0.0,-4.38,-3.37,0.05,32
1049,WOOUSDT,BLZUSDT,0.02,-3.65,-3.37,3.41,32
1214,XNOUSDT,LRCUSDT,0.0,-4.5,-3.37,2.34,32
452,QNTUSDT,IOSTUSDT,0.0,-5.08,-3.37,10171.96,32
1320,YGGUSDT,WOOUSDT,0.03,-3.48,-3.37,0.93,32
1078,WOOUSDT,GRTUSDT,0.01,-4.05,-3.37,1.87,32
1017,VETUSDT,FLRUSDT,0.04,-3.4,-3.37,0.74,32
1081,WOOUSDT,HFTUSDT,0.02,-3.63,-3.37,0.44,32
1353,ZENUSDT,AAVEUSDT,0.01,-4.1,-3.37,0.14,32
546,RSRUSDT,KAVAUSDT,0.03,-3.55,-3.37,0.0,32
1197,XNOUSDT,ATOMUSDT,0.0,-4.16,-3.37,0.07,32
1202,XNOUSDT,BSWUSDT,0.0,-4.3,-3.37,4.84,31
1256,XTZUSDT,LPTUSDT,0.02,-3.68,-3.37,0.18,31
322,PAXGUSDT,JOEUSDT,0.0,-5.14,-3.37,3168.72,31
942,TUSDT,BSWUSDT,0.01,-3.8,-3.37,0.19,31
936,TUSDT,ACHUSDT,0.04,-3.38,-3.37,0.94,31
591,SFPUSDT,AXSUSDT,0.0,-4.55,-3.37,0.05,31
1007,VETUSDT,ANKRUSDT,0.04,-3.39,-3.37,0.71,31
1385,ZRXUSDT,API3USDT,0.0,-4.59,-3.37,0.18,31
589,SFPUSDT,ARBUSDT,0.0,-4.37,-3.37,0.31,31
1231,XTZUSDT,ACHUSDT,0.01,-3.83,-3.37,29.44,31
1233,XTZUSDT,APEUSDT,0.02,-3.66,-3.37,0.26,31
1053,WOOUSDT,C98USDT,0.01,-3.9,-3.37,1.08,31
510,RENUSDT,GRTUSDT,0.0,-4.37,-3.37,0.67,31
573,SANDUSDT,ENJUSDT,0.0,-4.6,-3.37,1.54,30
1367,ZENUSDT,ETHWUSDT,0.0,-4.47,-3.37,3.19,30
873,SXPUSDT,LOOKSUSDT,0.0,-4.35,-3.37,3.99,30
572,SANDUSDT,DOTUSDT,0.01,-3.79,-3.37,0.1,30
1358,ZENUSDT,BALUSDT,0.01,-4.04,-3.37,1.56,30
1143,XLMUSDT,KNCUSDT,0.01,-3.81,-3.37,0.14,30
196,OPUSDT,REQUSDT,0.0,-4.62,-3.37,25.38,30
881,TRBUSDT,ARUSDT,0.04,-3.46,-3.37,1.75,30
1224,XRPUSDT,FLRUSDT,0.02,-3.65,-3.37,14.89,30
1137,XLMUSDT,FLOWUSDT,0.04,-3.47,-3.37,0.1,30
683,SOLUSDT,FLRUSDT,0.01,-3.79,-3.37,703.79,30
204,OPUSDT,UNIUSDT,0.01,-3.82,-3.37,0.43,30
1058,WOOUSDT,CKBUSDT,0.02,-3.65,-3.37,67.23,30
476,QNTUSDT,MTLUSDT,0.0,-4.54,-3.37,91.24,30
543,RSRUSDT,GALUSDT,0.0,-4.33,-3.37,0.0,30
1290,YFIUSDT,QNTUSDT,0.0,-7.07,-3.37,76.19,30
535,REQUSDT,OCEANUSDT,0.02,-3.73,-3.37,0.25,30
623,SHIB1000USDT,ATOMUSDT,0.0,-4.66,-3.37,0.0,30
1253,XTZUSDT,IOTAUSDT,0.01,-4.09,-3.37,5.1,30
829,SUSHIUSDT,DOTUSDT,0.01,-4.07,-3.37,0.17,30
969,UNIUSDT,BSWUSDT,0.0,-4.69,-3.37,32.84,29
1262,YFIUSDT,ACHUSDT,0.01,-3.93,-3.37,233574.78,29
7,1000BONKUSDT,RPLUSDT,0.0,-4.35,-3.37,0.0,29
1229,XTZUSDT,1INCHUSDT,0.0,-4.19,-3.37,2.05,29
383,QNTUSDT,1000XECUSDT,0.0,-5.56,-3.37,3700.95,29
1114,XEMUSDT,GLMRUSDT,0.03,-3.5,-3.37,0.1,29
1257,XTZUSDT,MKRUSDT,0.01,-3.8,-3.37,0.0,29
595,SFPUSDT,BOBAUSDT,0.01,-4.07,-3.37,2.08,29
563,SANDUSDT,API3USDT,0.01,-3.9,-3.37,0.41,29
842,SUSHIUSDT,LPTUSDT,0.02,-3.67,-3.37,0.18,29
1107,XEMUSDT,BATUSDT,0.02,-3.76,-3.37,0.15,29
1100,WOOUSDT,OMGUSDT,0.02,-3.62,-3.37,0.21,29
1376,ZENUSDT,KAVAUSDT,0.02,-3.76,-3.37,12.08,29
826,SUSHIUSDT,COMPUSDT,0.01,-3.86,-3.37,0.03,28
1161,XMRUSDT,BSWUSDT,0.0,-4.84,-3.37,858.77,28
1327,ZECUSDT,ASTRUSDT,0.0,-4.86,-3.37,587.13,28
1294,YFIUSDT,XEMUSDT,0.0,-4.67,-3.37,218039.56,28
1308,YGGUSDT,CKBUSDT,0.02,-3.62,-3.37,62.63,28
1383,ZRXUSDT,ANKRUSDT,0.01,-3.9,-3.37,8.14,28
879,TRBUSDT,ACHUSDT,0.03,-3.59,-3.37,404.17,28
493,QTUMUSDT,HBARUSDT,0.02,-3.62,-3.37,49.15,28
1099,WOOUSDT,OGNUSDT,0.01,-3.8,-3.37,2.32,28
209,PAXGUSDT,10000NFTUSDT,0.0,-4.65,-3.37,529044.54,28
1061,WOOUSDT,DARUSDT,0.01,-3.81,-3.37,1.59,28
606,SFPUSDT,FLRUSDT,0.01,-3.83,-3.37,14.31,28
660,SLPUSDT,ARPAUSDT,0.01,-3.79,-3.37,0.07,28
187,OPUSDT,HBARUSDT,0.04,-3.44,-3.37,39.5,28
1345,ZECUSDT,LDOUSDT,0.01,-3.91,-3.37,16.85,28
665,SLPUSDT,CVXUSDT,0.01,-3.78,-3.37,0.0,28
536,ROSEUSDT,BLURUSDT,0.0,-4.31,-3.37,0.1,28
866,SXPUSDT,ICXUSDT,0.0,-5.1,-3.37,1.85,27
553,RUNEUSDT,APTUSDT,0.0,-4.81,-3.37,0.13,27
1030,WOOUSDT,1000FLOKIUSDT,0.0,-4.45,-3.37,8.41,27
818,SUSHIUSDT,ARBUSDT,0.01,-3.85,-3.37,0.72,27
741,STORJUSDT,BALUSDT,0.04,-3.43,-3.37,0.06,27
496,QTUMUSDT,LPTUSDT,0.02,-3.72,-3.37,0.51,27
583,SANDUSDT,MINAUSDT,0.02,-3.75,-3.37,0.85,27
566,SANDUSDT,BOBAUSDT,0.03,-3.59,-3.37,2.85,27
1027,WAVESUSDT,BOBAUSDT,0.04,-3.41,-3.37,9.36,27
884,TRBUSDT,BANDUSDT,0.01,-3.79,-3.37,7.98,27
706,SSVUSDT,LQTYUSDT,0.05,-3.37,-3.37,14.37,27
1310,YGGUSDT,DARUSDT,0.04,-3.45,-3.37,1.48,27
1325,ZECUSDT,ARBUSDT,0.02,-3.6,-3.37,25.66,27
726,STMXUSDT,EGLDUSDT,0.01,-3.86,-3.37,0.0,27
688,SOLUSDT,MKRUSDT,0.02,-3.75,-3.37,0.03,27
1201,XNOUSDT,BOBAUSDT,0.0,-5.37,-3.37,3.86,27
1259,XTZUSDT,NKNUSDT,0.02,-3.65,-3.37,9.2,27
617,SFPUSDT,MATICUSDT,0.03,-3.5,-3.37,0.43,27
614,SFPUSDT,LQTYUSDT,0.0,-4.42,-3.37,0.21,26
188,OPUSDT,IOSTUSDT,0.03,-3.55,-3.37,226.96,26
908,TRUUSDT,AGIXUSDT,0.02,-3.75,-3.37,0.18,26
367,PEOPLEUSDT,HFTUSDT,0.04,-3.38,-3.37,0.03,26
1372,ZENUSDT,HFTUSDT,0.03,-3.56,-3.37,15.8,26
552,RUNEUSDT,API3USDT,0.01,-3.9,-3.37,0.98,26
627,SHIB1000USDT,BCHUSDT,0.02,-3.62,-3.37,0.0,26
1357,ZENUSDT,ASTRUSDT,0.02,-3.69,-3.37,156.03,26
1237,XTZUSDT,BATUSDT,0.02,-3.66,-3.37,4.06,26
832,SUSHIUSDT,ENJUSDT,0.01,-4.09,-3.37,2.66,26
475,QNTUSDT,MINAUSDT,0.0,-4.71,-3.37,148.91,26
279,PAXGUSDT,DOGEUSDT,0.0,-4.94,-3.37,22644.45,26
479,QNTUSDT,OCEANUSDT,0.0,-4.24,-3.37,283.31,26
1016,VETUSDT,FILUSDT,0.03,-3.49,-3.37,0.0,26
370,PEOPLEUSDT,KAVAUSDT,0.01,-3.86,-3.37,0.03,26
928,TRUUSDT,GLMRUSDT,0.01,-4.05,-3.37,0.19,26
177,OPUSDT,BSWUSDT,0.0,-4.52,-3.37,13.97,26
1273,YFIUSDT,EGLDUSDT,0.0,-4.15,-3.37,211.52,26
594,SFPUSDT,BLZUSDT,0.02,-3.7,-3.37,5.55,26
1200,XNOUSDT,BLZUSDT,0.02,-3.76,-3.37,10.28,26
902,TRBUSDT,LPTUSDT,0.01,-3.9,-3.37,2.43,26
889,TRBUSDT,CELOUSDT,0.01,-4.1,-3.37,22.39,25
570,SANDUSDT,CVXUSDT,0.0,-4.25,-3.37,0.11,25
705,SSVUSDT,LINAUSDT,0.0,-4.28,-3.37,2358.54,25
815,SUSHIUSDT,APEUSDT,0.02,-3.67,-3.37,0.26,25
1368,ZENUSDT,FLOWUSDT,0.01,-3.8,-3.37,10.7,25
597,SFPUSDT,CEEKUSDT,0.03,-3.53,-3.37,5.64,25
1249,XTZUSDT,GMTUSDT,0.03,-3.48,-3.37,2.94,25
974,UNIUSDT,EGLDUSDT,0.02,-3.74,-3.37,0.15,25
1222,XRPUSDT,CEEKUSDT,0.0,-4.31,-3.37,5.87,25
938,TUSDT,APEUSDT,0.04,-3.4,-3.37,0.01,25
827,SUSHIUSDT,CVXUSDT,0.0,-4.28,-3.37,0.19,25
410,QNTUSDT,BSVUSDT,0.0,-4.52,-3.37,3.23,25
865,SXPUSDT,GTCUSDT,0.0,-4.34,-3.37,0.34,25
482,QTUMUSDT,ACHUSDT,0.01,-3.86,-3.37,85.1,25
1218,XRPUSDT,ACHUSDT,0.03,-3.48,-3.37,13.31,25
770,SUNUSDT,BTCUSDT,0.0,-4.6,-3.37,0.0,25
670,SLPUSDT,GPTUSDT,0.0,-4.84,-3.37,0.04,25
1111,XEMUSDT,EGLDUSDT,0.0,-4.24,-3.37,0.0,25
905,TRBUSDT,MKRUSDT,0.01,-3.83,-3.37,0.02,25
681,SOLUSDT,CVXUSDT,0.04,-3.45,-3.37,4.05,25
1312,YGGUSDT,GLMRUSDT,0.02,-3.59,-3.37,0.72,25
1064,WOOUSDT,DODOUSDT,0.03,-3.57,-3.37,1.63,25
1379,ZRXUSDT,1000LUNCUSDT,0.02,-3.64,-3.37,2.35,25
1314,YGGUSDT,LITUSDT,0.03,-3.55,-3.37,0.24,24
1283,YFIUSDT,IOTAUSDT,0.01,-3.78,-3.37,40449.42,24
470,QNTUSDT,LUNA2USDT,0.0,-7.2,-3.37,85.38,24
1337,ZECUSDT,FLRUSDT,0.01,-4.03,-3.37,1201.48,24
891,TRBUSDT,DASHUSDT,0.03,-3.59,-3.37,0.27,24
585,SANDUSDT,QNTUSDT,0.03,-3.49,-3.37,0.01,24
626,SHIB1000USDT,BANDUSDT,0.0,-4.4,-3.37,0.01,24
1388,ZRXUSDT,ATOMUSDT,0.0,-4.25,-3.37,0.02,24
888,TRBUSDT,C98USDT,0.01,-3.94,-3.37,55.8,24
1028,WAVESUSDT,CEEKUSDT,0.04,-3.38,-3.37,25.38,24
485,QTUMUSDT,BATUSDT,0.01,-3.89,-3.37,11.74,24
522,REQUSDT,BSWUSDT,0.01,-3.87,-3.37,0.55,24
158,HNTUSDT,10000NFTUSDT,0.01,-4.02,-3.37,479.16,24
1205,XNOUSDT,CKBUSDT,0.0,-4.6,-3.37,202.9,24
833,SUSHIUSDT,FILUSDT,0.03,-3.59,-3.37,0.19,24
1384,ZRXUSDT,APEUSDT,0.04,-3.38,-3.37,0.07,24
607,SFPUSDT,FXSUSDT,0.03,-3.5,-3.37,0.05,24
1208,XNOUSDT,DUSKUSDT,0.02,-3.63,-3.37,4.71,24
1209,XNOUSDT,ENJUSDT,0.02,-3.72,-3.37,2.09,24
374,PEOPLEUSDT,SXPUSDT,0.03,-3.55,-3.37,0.04,24
1041,WOOUSDT,ARUSDT,0.01,-3.87,-3.37,0.03,24
899,TRBUSDT,HFTUSDT,0.02,-3.71,-3.37,22.38,24
921,TRUUSDT,DASHUSDT,0.02,-3.62,-3.37,0.0,24
853,SXPUSDT,ALGOUSDT,0.0,-4.25,-3.37,2.89,24
1292,YFIUSDT,SXPUSDT,0.02,-3.72,-3.37,14221.35,24
1270,YFIUSDT,BSWUSDT,0.03,-3.5,-3.37,47721.61,24
1050,WOOUSDT,BNXUSDT,0.01,-3.78,-3.37,0.47,24
721,STMXUSDT,1INCHUSDT,0.01,-3.79,-3.37,0.01,24
208,OPUSDT,XNOUSDT,0.01,-3.81,-3.37,2.88,24
340,PAXGUSDT,MANAUSDT,0.0,-4.92,-3.37,3179.05,24
811,SUNUSDT,OCEANUSDT,0.04,-3.45,-3.37,0.01,24
1097,WOOUSDT,NEOUSDT,0.01,-3.89,-3.37,0.02,24
744,STORJUSDT,EGLDUSDT,0.01,-4.0,-3.37,0.01,24
659,SLPUSDT,ANKRUSDT,0.03,-3.53,-3.37,0.08,24
455,QNTUSDT,JASMYUSDT,0.01,-3.94,-3.37,17981.6,24
1300,YGGUSDT,ARUSDT,0.04,-3.39,-3.37,0.03,24
816,SUSHIUSDT,API3USDT,0.0,-4.44,-3.37,0.7,23
1044,WOOUSDT,BAKEUSDT,0.02,-3.59,-3.37,1.4,23
935,TRXUSDT,10000NFTUSDT,0.01,-4.0,-3.37,17.34,23
822,SUSHIUSDT,BOBAUSDT,0.0,-4.14,-3.37,4.93,23
1323,ZECUSDT,AAVEUSDT,0.0,-4.16,-3.37,0.52,23
640,SHIB1000USDT,DOTUSDT,0.04,-3.38,-3.37,0.0,23
983,UNIUSDT,IOTAUSDT,0.04,-3.45,-3.37,27.83,23
689,SOLUSDT,OMGUSDT,0.01,-3.8,-3.37,17.04,23
687,SOLUSDT,MATICUSDT,0.02,-3.69,-3.37,21.09,23
839,SUSHIUSDT,HBARUSDT,0.02,-3.68,-3.37,17.49,23
845,SUSHIUSDT,MATICUSDT,0.02,-3.66,-3.37,1.02,23
929,TRUUSDT,GRTUSDT,0.03,-3.59,-3.37,0.46,23
927,TRUUSDT,FXSUSDT,0.01,-3.89,-3.37,0.01,23
916,TRUUSDT,C98USDT,0.01,-4.08,-3.37,0.27,23
1381,ZRXUSDT,ACHUSDT,0.0,-4.96,-3.37,7.6,23
867,SXPUSDT,IMXUSDT,0.0,-4.35,-3.37,0.56,23
869,SXPUSDT,KAVAUSDT,0.03,-3.51,-3.37,0.69,23
886,TRBUSDT,BOBAUSDT,0.0,-4.88,-3.37,65.73,23
499,QTUMUSDT,NKNUSDT,0.05,-3.37,-3.37,26.58,23
1134,XLMUSDT,EGLDUSDT,0.03,-3.48,-3.37,0.0,23
1213,XNOUSDT,ILVUSDT,0.01,-4.0,-3.37,0.01,23
1219,XRPUSDT,API3USDT,0.0,-4.68,-3.37,0.31,23
1221,XRPUSDT,BSWUSDT,0.01,-3.97,-3.37,2.72,23
740,STORJUSDT,AAVEUSDT,0.04,-3.43,-3.37,0.0,23
551,RUNEUSDT,ANKRUSDT,0.03,-3.55,-3.37,45.41,23
1234,XTZUSDT,ARBUSDT,0.02,-3.7,-3.37,0.7,23
547,RSRUSDT,LDOUSDT,0.02,-3.61,-3.37,0.0,23
252,PAXGUSDT,BTCUSDT,0.0,-7.16,-3.37,0.07,23
545,RSRUSDT,IOTXUSDT,0.01,-3.94,-3.37,0.16,23
1089,WOOUSDT,KAVAUSDT,0.05,-3.37,-3.37,0.33,23
1196,XNOUSDT,ARBUSDT,0.02,-3.63,-3.37,0.57,23
1195,XNOUSDT,API3USDT,0.01,-3.83,-3.37,0.55,23
716,STGUSDT,HFTUSDT,0.03,-3.55,-3.37,1.25,23
1241,XTZUSDT,CELOUSDT,0.0,-4.17,-3.37,1.63,23
558,RUNEUSDT,IOTXUSDT,0.02,-3.61,-3.37,57.49,23
537,RSRUSDT,1000LUNCUSDT,0.01,-3.78,-3.37,0.04,22
1347,ZECUSDT,LQTYUSDT,0.03,-3.58,-3.37,17.99,22
1248,XTZUSDT,FLRUSDT,0.0,-5.43,-3.37,32.93,22
850,SXPUSDT,ACHUSDT,0.04,-3.46,-3.37,16.4,22
825,SUSHIUSDT,CELOUSDT,0.04,-3.43,-3.37,1.68,22
658,SLPUSDT,ALPHAUSDT,0.01,-4.07,-3.37,0.02,22
1374,ZENUSDT,IOTAUSDT,0.01,-4.03,-3.37,49.42,22
751,STORJUSDT,QNTUSDT,0.0,-5.5,-3.37,0.0,22
727,STMXUSDT,ETHUSDT,0.01,-3.88,-3.37,0.0,22
859,SXPUSDT,EOSUSDT,0.0,-5.37,-3.37,0.53,22
860,SXPUSDT,ETCUSDT,0.0,-4.94,-3.37,0.03,22
176,OPUSDT,BOBAUSDT,0.02,-3.76,-3.37,11.12,22
863,SXPUSDT,FLRUSDT,0.03,-3.5,-3.37,18.34,22
413,QNTUSDT,CEEKUSDT,0.0,-4.33,-3.37,1352.26,22
737,STMXUSDT,QNTUSDT,0.0,-4.37,-3.37,0.0,22
386,QNTUSDT,ACHUSDT,0.0,-4.27,-3.37,3065.32,22
165,OPUSDT,1000LUNCUSDT,0.01,-4.03,-3.37,21.14,22
735,STMXUSDT,MKRUSDT,0.04,-3.41,-3.37,0.0,22
1158,XMRUSDT,BCHUSDT,0.0,-4.14,-3.37,1.23,22
1251,XTZUSDT,HBARUSDT,0.0,-5.07,-3.37,17.0,22
555,RUNEUSDT,CEEKUSDT,0.0,-4.26,-3.37,18.7,22
1026,WAVESUSDT,API3USDT,0.03,-3.48,-3.37,1.33,22
282,PAXGUSDT,DYDXUSDT,0.0,-4.48,-3.37,709.25,22
1034,WOOUSDT,ACHUSDT,0.02,-3.65,-3.37,7.85,22
1269,YFIUSDT,BATUSDT,0.0,-4.41,-3.37,32218.64,22
1072,WOOUSDT,FLMUSDT,0.02,-3.74,-3.37,2.77,22
272,PAXGUSDT,CVCUSDT,0.0,-4.34,-3.37,18068.49,22
1062,WOOUSDT,DASHUSDT,0.02,-3.72,-3.37,0.01,22
1042,WOOUSDT,ASTRUSDT,0.02,-3.64,-3.37,4.29,22
207,OPUSDT,WAVESUSDT,0.0,-4.59,-3.37,1.19,21
1092,WOOUSDT,LITUSDT,0.03,-3.55,-3.37,0.26,21
603,SFPUSDT,EGLDUSDT,0.01,-3.8,-3.37,0.01,21
820,SUSHIUSDT,BCHUSDT,0.0,-4.37,-3.37,0.01,21
840,SUSHIUSDT,ILVUSDT,0.01,-4.1,-3.37,0.02,21
1029,WAVESUSDT,IOSTUSDT,0.05,-3.38,-3.37,190.94,21
190,OPUSDT,JOEUSDT,0.04,-3.45,-3.37,4.09,21
565,SANDUSDT,BLZUSDT,0.02,-3.67,-3.37,7.6,21
1066,WOOUSDT,DUSKUSDT,0.04,-3.41,-3.37,1.56,21
723,STMXUSDT,BSVUSDT,0.03,-3.48,-3.37,0.0,21
851,SXPUSDT,AGIXUSDT,0.02,-3.76,-3.37,1.52,21
708,SSVUSDT,MAGICUSDT,0.05,-3.37,-3.37,22.57,21
912,TRUUSDT,BANDUSDT,0.01,-3.95,-3.37,0.04,21
1304,YGGUSDT,BOBAUSDT,0.0,-4.93,-3.37,1.19,21
854,SXPUSDT,ASTRUSDT,0.01,-4.02,-3.37,8.97,21
1025,WAVESUSDT,ALPHAUSDT,0.04,-3.46,-3.37,18.17,21
353,PEOPLEUSDT,AAVEUSDT,0.03,-3.55,-3.37,0.0,21
355,PEOPLEUSDT,ARBUSDT,0.05,-3.38,-3.37,0.01,21
359,PEOPLEUSDT,CFXUSDT,0.04,-3.46,-3.37,0.07,21
1255,XTZUSDT,KNCUSDT,0.04,-3.45,-3.37,1.47,21
1014,VETUSDT,DODOUSDT,0.0,-4.25,-3.37,0.14,21
875,SXPUSDT,MASKUSDT,0.01,-3.94,-3.37,0.11,21
1075,WOOUSDT,FXSUSDT,0.01,-3.88,-3.37,0.03,21
823,SUSHIUSDT,BSWUSDT,0.0,-6.61,-3.37,6.19,21
526,REQUSDT,DOTUSDT,0.01,-4.03,-3.37,0.02,21
880,TRBUSDT,ARBUSDT,0.02,-3.63,-3.37,9.65,21
1334,ZECUSDT,EGLDUSDT,0.0,-5.63,-3.37,0.97,21
733,STMXUSDT,KNCUSDT,0.02,-3.6,-3.37,0.01,21
692,SSVUSDT,APTUSDT,0.01,-3.86,-3.37,2.7,21
953,TWTUSDT,GALAUSDT,0.01,-3.86,-3.37,28.99,21
958,UNIUSDT,ACHUSDT,0.01,-4.03,-3.37,160.71,21
1286,YFIUSDT,KNCUSDT,0.0,-4.34,-3.37,11691.72,21
1342,ZECUSDT,ILVUSDT,0.02,-3.6,-3.37,0.66,21
507,RENUSDT,FETUSDT,0.03,-3.48,-3.37,0.27,20
1045,WOOUSDT,BANDUSDT,0.01,-3.83,-3.37,0.16,20
1159,XMRUSDT,BITUSDT,0.01,-3.88,-3.37,298.89,20
192,OPUSDT,MATICUSDT,0.03,-3.54,-3.37,2.29,20
587,SFPUSDT,AGIXUSDT,0.01,-3.81,-3.37,1.18,20
679,SOLUSDT,BLZUSDT,0.02,-3.75,-3.37,272.88,20
393,QNTUSDT,API3USDT,0.0,-5.78,-3.37,70.98,20
876,SXPUSDT,NKNUSDT,0.01,-3.84,-3.37,5.12,20
1059,WOOUSDT,COMPUSDT,0.02,-3.66,-3.37,0.01,20
427,QNTUSDT,DODOUSDT,0.0,-5.7,-3.37,636.75,20
858,SXPUSDT,CRVUSDT,0.02,-3.67,-3.37,0.6,20
739,STMXUSDT,SXPUSDT,0.04,-3.45,-3.37,0.01,20
411,QNTUSDT,BSWUSDT,0.0,-5.34,-3.37,626.35,20
260,PAXGUSDT,CHZUSDT,0.0,-5.09,-3.37,15156.03,20
182,OPUSDT,FLRUSDT,0.01,-3.83,-3.37,76.5,20
759,SUNUSDT,ANKRUSDT,0.0,-4.25,-3.37,0.17,20
501,RENUSDT,BANDUSDT,0.04,-3.42,-3.37,0.06,20
559,RUNEUSDT,LQTYUSDT,0.04,-3.38,-3.37,0.71,20
1340,ZECUSDT,HBARUSDT,0.0,-5.19,-3.37,620.34,20
1083,WOOUSDT,ILVUSDT,0.03,-3.54,-3.37,0.0,20
465,QNTUSDT,LOOKSUSDT,0.0,-7.32,-3.37,744.14,20
223,PAXGUSDT,ALICEUSDT,0.0,-4.9,-3.37,1157.29,20
779,SUNUSDT,DUSKUSDT,0.0,-4.12,-3.37,0.03,20
1070,WOOUSDT,ETHWUSDT,0.04,-3.39,-3.37,0.09,20
1333,ZECUSDT,DASHUSDT,0.0,-4.25,-3.37,0.72,20
309,PAXGUSDT,HNTUSDT,0.0,-4.16,-3.37,1103.46,20
800,SUNUSDT,LRCUSDT,0.04,-3.41,-3.37,0.02,20
1063,WOOUSDT,DENTUSDT,0.04,-3.45,-3.37,261.82,20
1093,WOOUSDT,LPTUSDT,0.03,-3.53,-3.37,0.05,20
1364,ZENUSDT,DASHUSDT,0.01,-3.79,-3.37,0.19,20
1098,WOOUSDT,NKNUSDT,0.01,-3.95,-3.37,2.45,20
1060,WOOUSDT,CTKUSDT,0.01,-4.09,-3.37,0.37,20
524,REQUSDT,CVXUSDT,0.0,-4.92,-3.37,0.02,20
488,QTUMUSDT,BSWUSDT,0.01,-4.0,-3.37,17.38,20
203,OPUSDT,TUSDT,0.0,-4.18,-3.37,73.02,20
1306,YGGUSDT,C98USDT,0.01,-4.06,-3.37,1.01,20
661,SLPUSDT,BAKEUSDT,0.04,-3.4,-3.37,0.01,20
1074,WOOUSDT,FLRUSDT,0.02,-3.65,-3.37,8.78,20
435,QNTUSDT,ETHUSDT,0.0,-6.67,-3.37,0.06,20
919,TRUUSDT,COMPUSDT,0.0,-4.34,-3.37,0.0,20
647,SHIB1000USDT,GLMRUSDT,0.03,-3.59,-3.37,0.03,20
584,SANDUSDT,OMGUSDT,0.0,-4.28,-3.37,0.47,19
702,SSVUSDT,GALUSDT,0.0,-4.36,-3.37,16.29,19
646,SHIB1000USDT,FLRUSDT,0.02,-3.62,-3.37,0.33,19
602,SFPUSDT,DODOUSDT,0.0,-4.32,-3.37,2.66,19
530,REQUSDT,GPTUSDT,0.02,-3.74,-3.37,1.51,19
620,SHIB1000USDT,ACHUSDT,0.02,-3.67,-3.37,0.29,19
636,SHIB1000USDT,CTKUSDT,0.04,-3.46,-3.37,0.01,19
544,RSRUSDT,GMTUSDT,0.01,-3.95,-3.37,0.01,19
571,SANDUSDT,DODOUSDT,0.02,-3.72,-3.37,3.64,19
857,SXPUSDT,CFXUSDT,0.02,-3.72,-3.37,1.75,19
509,RENUSDT,GMXUSDT,0.01,-4.08,-3.37,0.0,19
511,RENUSDT,HIGHUSDT,0.01,-4.07,-3.37,0.05,19
633,SHIB1000USDT,CEEKUSDT,0.02,-3.72,-3.37,0.13,19
786,SUNUSDT,FTMUSDT,0.03,-3.54,-3.37,0.01,19
852,SXPUSDT,AGLDUSDT,0.01,-3.94,-3.37,1.18,19
1389,ZRXUSDT,BANDUSDT,0.02,-3.63,-3.37,0.15,19
962,UNIUSDT,APEUSDT,0.0,-4.23,-3.37,1.4,19
1244,XTZUSDT,EGLDUSDT,0.0,-4.59,-3.37,0.03,19
957,UNIUSDT,1000LUNCUSDT,0.0,-5.15,-3.37,49.68,19
1108,XEMUSDT,BITUSDT,0.03,-3.52,-3.37,0.08,19
941,TUSDT,BITUSDT,0.05,-3.37,-3.37,0.07,19
1094,WOOUSDT,MAGICUSDT,0.03,-3.58,-3.37,0.21,19
379,PEOPLEUSDT,ZRXUSDT,0.02,-3.75,-3.37,0.08,19
1311,YGGUSDT,FLMUSDT,0.0,-4.64,-3.37,2.58,19
1321,YGGUSDT,ZRXUSDT,0.01,-4.09,-3.37,0.96,19
185,OPUSDT,GMXUSDT,0.0,-4.49,-3.37,0.03,19
985,UNIUSDT,JSTUSDT,0.05,-3.37,-3.37,222.63,19
1091,WOOUSDT,KSMUSDT,0.03,-3.48,-3.37,0.01,19
1252,XTZUSDT,ILVUSDT,0.01,-4.05,-3.37,0.02,19
1204,XNOUSDT,CEEKUSDT,0.03,-3.55,-3.37,10.46,19
924,TRUUSDT,EGLDUSDT,0.01,-3.85,-3.37,0.0,19
1018,VETUSDT,GTCUSDT,0.03,-3.49,-3.37,0.01,19
939,TUSDT,API3USDT,0.0,-4.36,-3.37,0.02,19
1370,ZENUSDT,GTCUSDT,0.01,-4.04,-3.37,5.93,19
1020,VETUSDT,IOTXUSDT,0.02,-3.66,-3.37,0.89,19
1193,XMRUSDT,MTLUSDT,0.02,-3.62,-3.37,125.08,19
677,SOLUSDT,API3USDT,0.04,-3.39,-3.37,14.57,19
169,OPUSDT,ANKRUSDT,0.01,-4.08,-3.37,73.25,18
1122,XEMUSDT,LOOKSUSDT,0.0,-4.63,-3.37,0.26,18
458,QNTUSDT,KDAUSDT,0.01,-3.96,-3.37,114.05,18
189,OPUSDT,JASMYUSDT,0.03,-3.5,-3.37,401.34,18
336,PAXGUSDT,LRCUSDT,0.0,-4.96,-3.37,5226.39,18
581,SANDUSDT,LRCUSDT,0.04,-3.38,-3.37,1.73,18
171,OPUSDT,API3USDT,0.0,-4.18,-3.37,1.58,18
882,TRBUSDT,ASTRUSDT,0.03,-3.49,-3.37,220.95,18
1106,XEMUSDT,ASTRUSDT,0.02,-3.71,-3.37,0.59,18
1076,WOOUSDT,GLMRUSDT,0.01,-3.95,-3.37,0.77,18
498,QTUMUSDT,NEOUSDT,0.02,-3.72,-3.37,0.26,18
1051,WOOUSDT,BOBAUSDT,0.02,-3.64,-3.37,1.28,18
508,RENUSDT,FLMUSDT,0.04,-3.45,-3.37,0.99,18
1055,WOOUSDT,CELOUSDT,0.01,-3.97,-3.37,0.44,18
1067,WOOUSDT,ENJUSDT,0.02,-3.63,-3.37,0.69,18
769,SUNUSDT,BSWUSDT,0.0,-7.0,-3.37,0.03,18
1077,WOOUSDT,GMXUSDT,0.03,-3.48,-3.37,0.0,18
200,OPUSDT,SUNUSDT,0.0,-4.15,-3.37,425.38,18
1085,WOOUSDT,IOTAUSDT,0.03,-3.52,-3.37,1.36,18
542,RSRUSDT,FLRUSDT,0.01,-4.0,-3.37,0.13,18
311,PAXGUSDT,HOTUSDT,0.0,-5.11,-3.37,969071.79,18
973,UNIUSDT,DOTUSDT,0.05,-3.37,-3.37,0.93,18
1038,WOOUSDT,ANKRUSDT,0.02,-3.68,-3.37,8.41,18
1096,WOOUSDT,NEARUSDT,0.01,-3.8,-3.37,0.13,18
1125,XEMUSDT,QNTUSDT,0.0,-6.09,-3.37,0.0,18
1023,VETUSDT,LQTYUSDT,0.01,-4.04,-3.37,0.01,18
1146,XLMUSDT,NKNUSDT,0.02,-3.6,-3.37,0.85,18
434,QNTUSDT,ETCUSDT,0.0,-6.0,-3.37,5.43,18
1350,ZECUSDT,MTLUSDT,0.01,-3.89,-3.37,31.96,18
655,SHIB1000USDT,NEARUSDT,0.03,-3.55,-3.37,0.01,18
893,TRBUSDT,ENSUSDT,0.0,-4.12,-3.37,1.11,18
715,STGUSDT,GTCUSDT,0.03,-3.57,-3.37,0.47,18
874,SXPUSDT,LUNA2USDT,0.03,-3.47,-3.37,0.46,18
686,SOLUSDT,LRCUSDT,0.0,-4.19,-3.37,61.99,18
1228,XRPUSDT,LRCUSDT,0.02,-3.74,-3.37,1.31,18
391,QNTUSDT,ANKRUSDT,0.0,-4.15,-3.37,3283.11,18
404,QNTUSDT,BATUSDT,0.0,-5.3,-3.37,422.82,18
922,TRUUSDT,DODOUSDT,0.0,-4.12,-3.37,0.4,18
1198,XNOUSDT,BANDUSDT,0.01,-4.11,-3.37,0.47,18
667,SLPUSDT,DOTUSDT,0.02,-3.72,-3.37,0.0,18
1166,XMRUSDT,EGLDUSDT,0.0,-4.73,-3.37,3.81,18
6,1000BONKUSDT,HIGHUSDT,0.03,-3.59,-3.37,0.0,18
253,PAXGUSDT,BUSDUSDT,0.0,-4.49,-3.37,2013.86,17
682,SOLUSDT,ETHUSDT,0.02,-3.74,-3.37,0.01,17
1335,ZECUSDT,ETHWUSDT,0.03,-3.52,-3.37,12.02,17
518,REQUSDT,ARBUSDT,0.03,-3.51,-3.37,0.06,17
523,REQUSDT,CEEKUSDT,0.01,-3.85,-3.37,1.19,17
1365,ZENUSDT,EGLDUSDT,0.01,-4.08,-3.37,0.26,17
883,TRBUSDT,ATOMUSDT,0.01,-3.8,-3.37,1.26,17
678,SOLUSDT,ARBUSDT,0.04,-3.42,-3.37,15.03,17
650,SHIB1000USDT,ILVUSDT,0.01,-3.86,-3.37,0.0,17
1339,ZECUSDT,GTCUSDT,0.01,-3.87,-3.37,22.3,17
548,RSRUSDT,LINAUSDT,0.0,-4.13,-3.37,0.32,17
634,SHIB1000USDT,CKBUSDT,0.0,-5.17,-3.37,2.52,17
1307,YGGUSDT,CELOUSDT,0.01,-3.86,-3.37,0.41,17
1149,XMRUSDT,ACHUSDT,0.01,-3.85,-3.37,4201.57,17
593,SFPUSDT,BITUSDT,0.03,-3.48,-3.37,0.91,17
1171,XMRUSDT,FLRUSDT,0.01,-4.05,-3.37,4702.24,17
168,OPUSDT,ALPHAUSDT,0.0,-4.18,-3.37,21.6,17
610,SFPUSDT,ILVUSDT,0.01,-3.79,-3.37,0.01,17
1217,XRPUSDT,1000LUNCUSDT,0.02,-3.68,-3.37,4.12,17
1230,XTZUSDT,AAVEUSDT,0.02,-3.68,-3.37,0.01,17
1235,XTZUSDT,ARUSDT,0.01,-3.77,-3.37,0.13,17
618,SFPUSDT,NKNUSDT,0.03,-3.48,-3.37,4.0,17
561,SANDUSDT,ACHUSDT,0.04,-3.41,-3.37,17.52,17
560,RUNEUSDT,LRCUSDT,0.01,-4.03,-3.37,4.18,17
625,SHIB1000USDT,BAKEUSDT,0.01,-3.95,-3.37,0.05,17
197,OPUSDT,RUNEUSDT,0.0,-4.65,-3.37,1.61,17
1268,YFIUSDT,BALUSDT,0.0,-4.34,-3.37,1276.63,17
1284,YFIUSDT,JSTUSDT,0.01,-4.11,-3.37,323581.27,17
1132,XLMUSDT,CFXUSDT,0.03,-3.52,-3.37,0.29,17
1301,YGGUSDT,ATOMUSDT,0.01,-4.06,-3.37,0.02,17
588,SFPUSDT,API3USDT,0.04,-3.42,-3.37,0.3,17
538,RSRUSDT,APEUSDT,0.01,-4.11,-3.37,0.0,17
676,SOLUSDT,ACHUSDT,0.04,-3.43,-3.37,629.16,17
487,QTUMUSDT,BITUSDT,0.01,-3.92,-3.37,6.05,17
910,TRUUSDT,ARBUSDT,0.0,-4.32,-3.37,0.05,17
903,TRBUSDT,LRCUSDT,0.01,-3.83,-3.37,39.82,17
846,SWEATUSDT,ALICEUSDT,0.02,-3.62,-3.37,0.01,17
868,SXPUSDT,IOTXUSDT,0.02,-3.68,-3.37,22.24,17
940,TUSDT,ARBUSDT,0.05,-3.37,-3.37,0.02,17
456,QNTUSDT,JSTUSDT,0.0,-6.19,-3.37,4247.17,17
831,SUSHIUSDT,EGLDUSDT,0.01,-4.02,-3.37,0.03,17
896,TRBUSDT,FLOWUSDT,0.04,-3.41,-3.37,15.15,17
895,TRBUSDT,FILUSDT,0.02,-3.69,-3.37,2.55,17
892,TRBUSDT,EGLDUSDT,0.02,-3.75,-3.37,0.37,17
1012,VETUSDT,BSWUSDT,0.0,-5.02,-3.37,0.13,17
890,TRBUSDT,CTKUSDT,0.02,-3.76,-3.37,18.8,17
406,QNTUSDT,BITUSDT,0.0,-4.73,-3.37,217.98,17
918,TRUUSDT,CKBUSDT,0.03,-3.58,-3.37,16.46,17
395,QNTUSDT,ARBUSDT,0.0,-5.07,-3.37,73.21,17
489,QTUMUSDT,CELOUSDT,0.03,-3.58,-3.37,4.71,17
654,SHIB1000USDT,MKRUSDT,0.03,-3.53,-3.37,0.0,16
648,SHIB1000USDT,GMXUSDT,0.01,-3.81,-3.37,0.0,16
1047,WOOUSDT,BCHUSDT,0.03,-3.58,-3.37,0.0,16
1127,XEMUSDT,SXPUSDT,0.0,-4.4,-3.37,0.07,16
1343,ZECUSDT,IOTAUSDT,0.0,-4.16,-3.37,185.98,16
349,PAXGUSDT,OCEANUSDT,0.0,-4.79,-3.37,4903.74,16
201,OPUSDT,SUSHIUSDT,0.01,-3.85,-3.37,2.26,16
649,SHIB1000USDT,GRTUSDT,0.04,-3.43,-3.37,0.07,16
601,SFPUSDT,DASHUSDT,0.0,-4.33,-3.37,0.01,16
1101,XEMUSDT,1000XECUSDT,0.03,-3.58,-3.37,1.29,16
1277,YFIUSDT,FLOWUSDT,0.03,-3.51,-3.37,8756.6,16
830,SUSHIUSDT,DUSKUSDT,0.01,-3.78,-3.37,6.02,16
502,RENUSDT,BOBAUSDT,0.0,-4.61,-3.37,0.46,16
950,TUSDT,MATICUSDT,0.03,-3.54,-3.37,0.03,16
870,SXPUSDT,KLAYUSDT,0.0,-5.22,-3.37,2.5,16
437,QNTUSDT,FETUSDT,0.0,-4.39,-3.37,295.03,16
378,PEOPLEUSDT,ZENUSDT,0.03,-3.53,-3.37,0.0,16
567,SANDUSDT,BSWUSDT,0.0,-4.58,-3.37,3.58,16
849,SXPUSDT,AAVEUSDT,0.01,-3.8,-3.37,0.01,16
590,SFPUSDT,ASTRUSDT,0.01,-3.97,-3.37,6.99,16
264,PAXGUSDT,COREUSDT,0.0,-4.21,-3.37,1261.22,16
1046,WOOUSDT,BATUSDT,0.04,-3.45,-3.37,1.08,16
574,SANDUSDT,GMXUSDT,0.02,-3.64,-3.37,0.01,16
837,SUSHIUSDT,GMXUSDT,0.03,-3.57,-3.37,0.01,16
453,QNTUSDT,IOTAUSDT,0.0,-4.61,-3.37,530.86,16
266,PAXGUSDT,CREAMUSDT,0.0,-4.32,-3.37,133.13,16
736,STMXUSDT,MTLUSDT,0.01,-4.03,-3.37,0.0,16
580,SANDUSDT,LQTYUSDT,0.01,-3.99,-3.37,0.29,16
1355,ZENUSDT,APEUSDT,0.03,-3.49,-3.37,2.48,16
843,SUSHIUSDT,LQTYUSDT,0.02,-3.6,-3.37,0.51,16
1206,XNOUSDT,DARUSDT,0.0,-4.37,-3.37,4.79,16
1068,WOOUSDT,ENSUSDT,0.04,-3.4,-3.37,0.02,16
1069,WOOUSDT,EOSUSDT,0.04,-3.44,-3.37,0.25,16
481,QNTUSDT,OMGUSDT,0.0,-4.88,-3.37,83.02,16
1071,WOOUSDT,FILUSDT,0.02,-3.69,-3.37,0.05,16
1073,WOOUSDT,FLOWUSDT,0.03,-3.51,-3.37,0.29,16
405,QNTUSDT,BCHUSDT,0.0,-5.05,-3.37,0.9,16
745,STORJUSDT,ETHWUSDT,0.0,-4.35,-3.37,0.12,16
431,QNTUSDT,ENJUSDT,0.0,-5.92,-3.37,269.67,16
527,REQUSDT,DUSKUSDT,0.02,-3.59,-3.37,0.54,16
757,SUNUSDT,ADAUSDT,0.01,-4.1,-3.37,0.01,16
506,RENUSDT,ENSUSDT,0.01,-3.88,-3.37,0.01,16
781,SUNUSDT,ENSUSDT,0.0,-4.29,-3.37,0.0,16
1084,WOOUSDT,IOSTUSDT,0.05,-3.37,-3.37,26.06,16
430,QNTUSDT,EGLDUSDT,0.0,-6.38,-3.37,2.78,16
532,REQUSDT,LRCUSDT,0.0,-4.33,-3.37,0.27,16
666,SLPUSDT,DENTUSDT,0.02,-3.64,-3.37,2.54,16
224,PAXGUSDT,ALPHAUSDT,0.0,-5.38,-3.37,16742.82,16
1040,WOOUSDT,API3USDT,0.03,-3.53,-3.37,0.18,16
1356,ZENUSDT,API3USDT,0.02,-3.7,-3.37,6.61,16
1211,XNOUSDT,FLMUSDT,0.01,-4.01,-3.37,8.34,16
539,RSRUSDT,API3USDT,0.01,-4.0,-3.37,0.0,16
292,PAXGUSDT,FLMUSDT,0.0,-4.8,-3.37,18663.3,16
1386,ZRXUSDT,ARUSDT,0.0,-4.73,-3.37,0.03,15
932,TRUUSDT,LRCUSDT,0.01,-3.93,-3.37,0.19,15
365,PEOPLEUSDT,FLRUSDT,0.0,-4.95,-3.37,0.69,15
491,QTUMUSDT,ETHWUSDT,0.04,-3.4,-3.37,0.95,15
161,IDUSDT,1000BONKUSDT,0.01,-4.06,-3.37,969.72,15
596,SFPUSDT,BSWUSDT,0.0,-4.72,-3.37,2.61,15
1309,YGGUSDT,CTKUSDT,0.0,-4.53,-3.37,0.34,15
375,PEOPLEUSDT,XLMUSDT,0.0,-4.54,-3.37,0.23,15
926,TRUUSDT,ENSUSDT,0.01,-3.83,-3.37,0.01,15
856,SXPUSDT,CELUSDT,0.03,-3.56,-3.37,1.86,15
711,SSVUSDT,OMGUSDT,0.0,-4.37,-3.37,23.25,15
1227,XRPUSDT,LINAUSDT,0.0,-4.18,-3.37,36.56,15
1223,XRPUSDT,ETHUSDT,0.04,-3.47,-3.37,0.0,15
725,STMXUSDT,CRVUSDT,0.05,-3.37,-3.37,0.01,15
925,TRUUSDT,ENJUSDT,0.01,-3.88,-3.37,0.17,15
1199,XNOUSDT,BITUSDT,0.03,-3.58,-3.37,1.69,15
605,SFPUSDT,ETHUSDT,0.0,-4.33,-3.37,0.0,15
1021,VETUSDT,KAVAUSDT,0.01,-3.88,-3.37,0.03,15
698,SSVUSDT,DODOUSDT,0.04,-3.4,-3.37,178.38,15
638,SHIB1000USDT,DENTUSDT,0.01,-4.06,-3.37,9.82,15
621,SHIB1000USDT,ALPHAUSDT,0.05,-3.38,-3.37,0.09,15
1019,VETUSDT,ILVUSDT,0.01,-3.88,-3.37,0.0,15
817,SUSHIUSDT,APTUSDT,0.01,-3.84,-3.37,0.1,15
533,REQUSDT,MINAUSDT,0.0,-4.49,-3.37,0.13,15
1086,WOOUSDT,IOTXUSDT,0.03,-3.54,-3.37,10.65,15
991,UNIUSDT,MASKUSDT,0.01,-3.84,-3.37,1.12,15
541,RSRUSDT,ETHUSDT,0.0,-4.54,-3.37,0.0,15
990,UNIUSDT,LUNA2USDT,0.0,-6.33,-3.37,4.48,15
743,STORJUSDT,CRVUSDT,0.02,-3.76,-3.37,0.38,15
742,STORJUSDT,CFXUSDT,0.04,-3.4,-3.37,1.1,15
1102,XEMUSDT,ACHUSDT,0.03,-3.53,-3.37,1.07,15
872,SXPUSDT,LDOUSDT,0.03,-3.51,-3.37,0.26,15
557,RUNEUSDT,GALUSDT,0.02,-3.62,-3.37,0.8,15
1124,XEMUSDT,NKNUSDT,0.0,-4.26,-3.37,0.33,15
179,OPUSDT,CFXUSDT,0.02,-3.67,-3.37,7.3,15
703,SSVUSDT,GMXUSDT,0.03,-3.56,-3.37,0.39,15
1117,XEMUSDT,ILVUSDT,0.04,-3.39,-3.37,0.0,15
1332,ZECUSDT,CFXUSDT,0.04,-3.43,-3.37,114.76,15
172,OPUSDT,ARPAUSDT,0.02,-3.68,-3.37,59.7,15
1258,XTZUSDT,MTLUSDT,0.03,-3.56,-3.37,0.88,14
672,SLPUSDT,LRCUSDT,0.01,-3.84,-3.37,0.01,14
669,SLPUSDT,GMXUSDT,0.03,-3.58,-3.37,0.0,14
1371,ZENUSDT,HBARUSDT,0.0,-5.09,-3.37,164.83,14
1369,ZENUSDT,FLRUSDT,0.0,-5.78,-3.37,319.23,14
641,SHIB1000USDT,DUSKUSDT,0.02,-3.7,-3.37,0.06,14
392,QNTUSDT,APEUSDT,0.0,-5.66,-3.37,26.62,14
1297,YFIUSDT,ZRXUSDT,0.01,-3.8,-3.37,30715.6,14
862,SXPUSDT,ETHWUSDT,0.02,-3.69,-3.37,0.18,14
898,TRBUSDT,HBARUSDT,0.03,-3.55,-3.37,233.4,14
656,SHIB1000USDT,NEOUSDT,0.04,-3.39,-3.37,0.0,14
690,SOLUSDT,QNTUSDT,0.02,-3.69,-3.37,0.21,14
897,TRBUSDT,FLRUSDT,0.04,-3.38,-3.37,452.02,14
671,SLPUSDT,HOTUSDT,0.02,-3.76,-3.37,1.39,14
871,SXPUSDT,KNCUSDT,0.03,-3.53,-3.37,0.82,14
1341,ZECUSDT,HFTUSDT,0.03,-3.5,-3.37,59.46,14
372,PEOPLEUSDT,LOOKSUSDT,0.0,-4.85,-3.37,0.15,14
1031,WOOUSDT,1000LUNCUSDT,0.04,-3.38,-3.37,2.43,14
961,UNIUSDT,ANKRUSDT,0.04,-3.46,-3.37,172.14,14
459,QNTUSDT,KLAYUSDT,0.0,-5.88,-3.37,466.68,14
429,QNTUSDT,DUSKUSDT,0.01,-3.96,-3.37,609.09,14
205,OPUSDT,USDCUSDT,0.03,-3.51,-3.37,2.59,14
468,QNTUSDT,LRCUSDT,0.0,-5.14,-3.37,301.99,14
1095,WOOUSDT,MTLUSDT,0.04,-3.39,-3.37,0.23,14
987,UNIUSDT,KSMUSDT,0.04,-3.42,-3.37,0.17,14
1088,WOOUSDT,JSTUSDT,0.03,-3.56,-3.37,10.87,14
1087,WOOUSDT,JASMYUSDT,0.0,-4.28,-3.37,46.11,14
221,PAXGUSDT,AKROUSDT,0.0,-4.14,-3.37,402074.66,14
1006,VETUSDT,AGIXUSDT,0.03,-3.57,-3.37,0.06,14
750,STORJUSDT,LOOKSUSDT,0.0,-4.27,-3.37,2.51,14
778,SUNUSDT,DOTUSDT,0.0,-4.45,-3.37,0.0,14
819,SUSHIUSDT,ASTRUSDT,0.01,-3.91,-3.37,16.56,14
1065,WOOUSDT,DOTUSDT,0.03,-3.5,-3.37,0.05,14
514,RENUSDT,TLMUSDT,0.01,-4.03,-3.37,4.91,14
249,PAXGUSDT,BOBAUSDT,0.0,-5.04,-3.37,8629.16,14
1052,WOOUSDT,BSWUSDT,0.01,-3.94,-3.37,1.6,14
1048,WOOUSDT,BITUSDT,0.02,-3.61,-3.37,0.56,14
805,SUNUSDT,MINAUSDT,0.03,-3.55,-3.37,0.01,14
1024,VETUSDT,LRCUSDT,0.02,-3.7,-3.37,0.06,14
948,TUSDT,LRCUSDT,0.02,-3.7,-3.37,0.09,14
160,IDUSDT,10000NFTUSDT,0.04,-3.41,-3.37,215.96,14
931,TRUUSDT,ILVUSDT,0.0,-5.17,-3.37,0.0,14
609,SFPUSDT,HFTUSDT,0.02,-3.69,-3.37,0.71,14
1177,XMRUSDT,ICXUSDT,0.02,-3.63,-3.37,473.0,14
441,QNTUSDT,FTMUSDT,0.01,-3.95,-3.37,231.96,14
1162,XMRUSDT,CELOUSDT,0.0,-4.93,-3.37,232.77,14
1180,XMRUSDT,IOSTUSDT,0.02,-3.61,-3.37,13946.31,14
728,STMXUSDT,ETHWUSDT,0.0,-4.55,-3.37,0.0,14
848,SXPUSDT,1000XECUSDT,0.0,-4.15,-3.37,19.78,14
337,PAXGUSDT,LTCUSDT,0.0,-4.97,-3.37,21.05,14
1032,WOOUSDT,1INCHUSDT,0.03,-3.51,-3.37,0.55,14
1123,XEMUSDT,MTLUSDT,0.04,-3.45,-3.37,0.03,14
354,PEOPLEUSDT,ALGOUSDT,0.03,-3.56,-3.37,0.11,14
170,OPUSDT,APEUSDT,0.02,-3.69,-3.37,0.59,14
1121,XEMUSDT,LDOUSDT,0.0,-4.95,-3.37,0.02,14
836,SUSHIUSDT,GMTUSDT,0.04,-3.43,-3.37,3.02,14
855,SXPUSDT,BATUSDT,0.02,-3.72,-3.37,2.26,14
599,SFPUSDT,CKBUSDT,0.04,-3.39,-3.37,109.52,14
878,TRBUSDT,1000FLOKIUSDT,0.04,-3.44,-3.37,432.61,13
1057,WOOUSDT,CFXUSDT,0.03,-3.49,-3.37,0.84,13
1261,YFIUSDT,AAVEUSDT,0.03,-3.58,-3.37,112.15,13
1380,ZRXUSDT,AAVEUSDT,0.01,-4.01,-3.37,0.0,13
1378,ZRXUSDT,1000FLOKIUSDT,0.02,-3.68,-3.37,8.14,13
1109,XEMUSDT,CELOUSDT,0.04,-3.44,-3.37,0.06,13
821,SUSHIUSDT,BITUSDT,0.01,-3.78,-3.37,2.15,13
693,SSVUSDT,ARBUSDT,0.02,-3.69,-3.37,20.49,13
1363,ZENUSDT,CFXUSDT,0.03,-3.53,-3.37,30.5,13
1136,XLMUSDT,ETHUSDT,0.0,-4.93,-3.37,0.0,13
968,UNIUSDT,BOBAUSDT,0.01,-3.85,-3.37,26.14,13
828,SUSHIUSDT,DODOUSDT,0.0,-4.85,-3.37,6.29,13
1326,ZECUSDT,ARUSDT,0.04,-3.43,-3.37,4.64,13
947,TUSDT,LINAUSDT,0.02,-3.77,-3.37,2.57,13
1239,XTZUSDT,BITUSDT,0.04,-3.41,-3.37,2.09,13
0,10000NFTUSDT,BOBAUSDT,0.04,-3.45,-3.37,0.02,13
8,1000BONKUSDT,SKLUSDT,0.01,-3.91,-3.37,0.02,13
212,PAXGUSDT,1000FLOKIUSDT,0.0,-5.02,-3.37,56649.61,13
519,REQUSDT,ARPAUSDT,0.0,-4.15,-3.37,2.35,13
368,PEOPLEUSDT,ICXUSDT,0.04,-3.47,-3.37,0.07,13
389,QNTUSDT,AGLDUSDT,0.0,-5.84,-3.37,219.53,13
366,PEOPLEUSDT,HBARUSDT,0.03,-3.5,-3.37,0.35,13
363,PEOPLEUSDT,ETHUSDT,0.0,-5.25,-3.37,0.0,13
549,RSRUSDT,LRCUSDT,0.01,-3.89,-3.37,0.01,13
554,RUNEUSDT,BSWUSDT,0.0,-4.67,-3.37,8.66,13
494,QTUMUSDT,KAVAUSDT,0.01,-3.85,-3.37,3.6,13
663,SLPUSDT,CEEKUSDT,0.0,-4.31,-3.37,0.03,13
520,REQUSDT,BLZUSDT,0.02,-3.64,-3.37,1.17,13
611,SFPUSDT,KAVAUSDT,0.04,-3.41,-3.37,0.54,13
952,TWTUSDT,BELUSDT,0.01,-4.02,-3.37,1.71,12
403,QNTUSDT,BANDUSDT,0.0,-4.38,-3.37,60.51,12
730,STMXUSDT,HFTUSDT,0.04,-3.44,-3.37,0.01,12
586,SANDUSDT,REQUSDT,0.0,-4.55,-3.37,6.5,12
297,PAXGUSDT,GALAUSDT,0.0,-4.47,-3.37,46103.31,12
1039,WOOUSDT,APEUSDT,0.04,-3.45,-3.37,0.07,12
1299,YGGUSDT,ACHUSDT,0.02,-3.65,-3.37,7.32,12
1037,WOOUSDT,ALGOUSDT,0.03,-3.51,-3.37,1.38,12
407,QNTUSDT,BLURUSDT,0.02,-3.69,-3.37,164.61,12
562,SANDUSDT,AGIXUSDT,0.01,-4.05,-3.37,1.62,12
398,QNTUSDT,ASTRUSDT,0.0,-6.15,-3.37,1675.17,12
734,STMXUSDT,LOOKSUSDT,0.0,-4.21,-3.37,0.04,12
673,SLPUSDT,MINAUSDT,0.01,-4.06,-3.37,0.0,12
1035,WOOUSDT,ADAUSDT,0.02,-3.7,-3.37,0.69,12
195,OPUSDT,QNTUSDT,0.0,-4.3,-3.37,0.02,12
521,REQUSDT,BOBAUSDT,0.01,-3.91,-3.37,0.44,12
861,SXPUSDT,ETHUSDT,0.03,-3.51,-3.37,0.0,12
426,QNTUSDT,DGBUSDT,0.0,-4.28,-3.37,11577.09,12
198,OPUSDT,SFPUSDT,0.01,-3.81,-3.37,5.34,12
864,SXPUSDT,GLMRUSDT,0.03,-3.53,-3.37,1.61,12
428,QNTUSDT,DOTUSDT,0.0,-4.67,-3.37,17.7,12
1090,WOOUSDT,KDAUSDT,0.01,-3.87,-3.37,0.29,12
408,QNTUSDT,BLZUSDT,0.0,-5.42,-3.37,1329.17,12
1348,ZECUSDT,LRCUSDT,0.03,-3.58,-3.37,105.81,12
418,QNTUSDT,COMPUSDT,0.0,-4.5,-3.37,2.65,12
417,QNTUSDT,CKBUSDT,0.01,-3.99,-3.37,26228.38,12
1154,XMRUSDT,ARBUSDT,0.0,-4.25,-3.37,100.38,12
767,SUNUSDT,BITUSDT,0.03,-3.56,-3.37,0.01,12
1033,WOOUSDT,AAVEUSDT,0.03,-3.5,-3.37,0.0,12
1282,YFIUSDT,IMXUSDT,0.03,-3.58,-3.37,7950.88,12
615,SFPUSDT,LRCUSDT,0.0,-4.45,-3.37,1.26,12
1140,XLMUSDT,IMXUSDT,0.01,-3.81,-3.37,0.09,12
653,SHIB1000USDT,MAGICUSDT,0.02,-3.6,-3.37,0.01,12
1054,WOOUSDT,CEEKUSDT,0.01,-3.87,-3.37,3.46,12
720,STGUSDT,NKNUSDT,0.04,-3.44,-3.37,7.03,12
1203,XNOUSDT,C98USDT,0.0,-4.62,-3.37,3.27,12
1168,XMRUSDT,ETHUSDT,0.0,-4.92,-3.37,0.08,12
500,RENUSDT,ATOMUSDT,0.02,-3.71,-3.37,0.01,12
382,QNTUSDT,1000LUNCUSDT,0.0,-7.23,-3.37,947.53,12
387,QNTUSDT,ADAUSDT,0.0,-4.84,-3.37,270.53,12
461,QNTUSDT,KSMUSDT,0.0,-4.96,-3.37,3.28,12
466,QNTUSDT,LPTUSDT,0.0,-4.88,-3.37,18.46,12
390,QNTUSDT,ALPHAUSDT,0.03,-3.49,-3.37,967.64,12
450,QNTUSDT,ICXUSDT,0.0,-5.46,-3.37,345.08,12
463,QNTUSDT,LINKUSDT,0.03,-3.55,-3.37,14.68,12
714,STGUSDT,FLRUSDT,0.0,-4.45,-3.37,25.17,12
495,QTUMUSDT,LOOKSUSDT,0.0,-4.13,-3.37,20.67,12
474,QNTUSDT,MATICUSDT,0.0,-5.9,-3.37,102.77,12
1192,XMRUSDT,MKRUSDT,0.01,-3.98,-3.37,0.21,12
1080,WOOUSDT,HBARUSDT,0.02,-3.67,-3.37,4.54,12
664,SLPUSDT,CKBUSDT,0.03,-3.5,-3.37,0.65,12
988,UNIUSDT,LDOUSDT,0.01,-3.93,-3.37,2.52,12
512,RENUSDT,NEARUSDT,0.0,-4.16,-3.37,0.05,12
719,STGUSDT,NEOUSDT,0.01,-3.77,-3.37,0.07,12
1191,XMRUSDT,MATICUSDT,0.03,-3.52,-3.37,140.88,12
812,SUNUSDT,OGNUSDT,0.01,-3.97,-3.37,0.05,12
964,UNIUSDT,APTUSDT,0.0,-5.7,-3.37,0.51,11
1264,YFIUSDT,AGLDUSDT,0.02,-3.74,-3.37,16729.98,11
303,PAXGUSDT,GPTUSDT,0.0,-5.59,-3.37,29620.25,11
1135,XLMUSDT,EOSUSDT,0.01,-3.84,-3.37,0.09,11
982,UNIUSDT,ICXUSDT,0.03,-3.54,-3.37,18.09,11
1265,YFIUSDT,ALGOUSDT,0.01,-4.09,-3.37,41137.14,11
1315,YGGUSDT,MKRUSDT,0.03,-3.53,-3.37,0.0,11
191,OPUSDT,LINAUSDT,0.01,-3.94,-3.37,187.74,11
503,RENUSDT,C98USDT,0.02,-3.75,-3.37,0.39,11
1243,XTZUSDT,DASHUSDT,0.0,-4.55,-3.37,0.02,11
516,REQUSDT,ANKRUSDT,0.0,-4.15,-3.37,2.89,11
1303,YGGUSDT,BITUSDT,0.01,-3.93,-3.37,0.52,11
1271,YFIUSDT,CFXUSDT,0.02,-3.69,-3.37,24953.22,11
1142,XLMUSDT,KAVAUSDT,0.02,-3.69,-3.37,0.11,11
785,SUNUSDT,FLRUSDT,0.0,-4.83,-3.37,0.18,11
1274,YFIUSDT,EOSUSDT,0.0,-6.17,-3.37,7481.29,11
186,OPUSDT,GTCUSDT,0.01,-3.9,-3.37,1.42,11
184,OPUSDT,GMTUSDT,0.03,-3.58,-3.37,6.82,11
1285,YFIUSDT,KAVAUSDT,0.01,-4.02,-3.37,9879.82,11
202,OPUSDT,TRUUSDT,0.01,-3.87,-3.37,35.53,11
180,OPUSDT,CKBUSDT,0.04,-3.44,-3.37,585.3,11
960,UNIUSDT,AGLDUSDT,0.02,-3.7,-3.37,11.51,11
1220,XRPUSDT,APTUSDT,0.04,-3.4,-3.37,0.04,11
724,STMXUSDT,CFXUSDT,0.02,-3.71,-3.37,0.02,11
613,SFPUSDT,LINAUSDT,0.0,-4.36,-3.37,35.14,11
619,SHIB1000USDT,1000FLOKIUSDT,0.0,-5.3,-3.37,0.32,11
622,SHIB1000USDT,ANKRUSDT,0.01,-3.79,-3.37,0.32,11
887,TRBUSDT,BSWUSDT,0.0,-4.65,-3.37,82.55,11
710,SSVUSDT,MINAUSDT,0.05,-3.37,-3.37,41.7,11
901,TRBUSDT,IOSTUSDT,0.03,-3.52,-3.37,1340.94,11
731,STMXUSDT,ICXUSDT,0.01,-4.03,-3.37,0.02,11
5,1000BONKUSDT,FLMUSDT,0.03,-3.58,-3.37,0.01,11
1179,XMRUSDT,IMXUSDT,0.02,-3.73,-3.37,142.96,11
1387,ZRXUSDT,ASTRUSDT,0.0,-4.6,-3.37,4.16,11
652,SHIB1000USDT,LITUSDT,0.0,-4.36,-3.37,0.01,11
1181,XMRUSDT,IOTAUSDT,0.0,-4.42,-3.37,727.77,11
662,SLPUSDT,BOBAUSDT,0.02,-3.74,-3.37,0.01,11
592,SFPUSDT,BCHUSDT,0.02,-3.69,-3.37,0.0,11
484,QTUMUSDT,ALGOUSDT,0.03,-3.47,-3.37,14.99,11
9,1000BONKUSDT,TOMOUSDT,0.03,-3.49,-3.37,0.0,11
1036,WOOUSDT,AGIXUSDT,0.04,-3.38,-3.37,0.73,11
1152,XMRUSDT,APEUSDT,0.01,-3.97,-3.37,36.5,11
1328,ZECUSDT,BITUSDT,0.03,-3.55,-3.37,76.35,11
1225,XRPUSDT,IOTXUSDT,0.0,-4.97,-3.37,18.05,11
540,RSRUSDT,BSWUSDT,0.01,-4.0,-3.37,0.02,11
159,HNTUSDT,1000BONKUSDT,0.01,-4.07,-3.37,2141.0,11
556,RUNEUSDT,ETHUSDT,0.02,-3.62,-3.37,0.0,11
577,SANDUSDT,IOTXUSDT,0.02,-3.6,-3.37,23.76,11
397,QNTUSDT,ARUSDT,0.0,-5.68,-3.37,13.25,10
467,QNTUSDT,LQTYUSDT,0.0,-5.04,-3.37,51.33,10
923,TRUUSDT,DOTUSDT,0.03,-3.52,-3.37,0.01,10
1187,XMRUSDT,LOOKSUSDT,0.0,-4.47,-3.37,1019.89,10
439,QNTUSDT,FLOWUSDT,0.0,-5.58,-3.37,114.92,10
401,QNTUSDT,BAKEUSDT,0.0,-4.33,-3.37,544.41,10
422,QNTUSDT,CVXUSDT,0.0,-4.45,-3.37,19.72,10
930,TRUUSDT,HBARUSDT,0.01,-3.8,-3.37,1.11,10
911,TRUUSDT,ARUSDT,0.01,-3.79,-3.37,0.01,10
421,QNTUSDT,CTKUSDT,0.0,-5.11,-3.37,142.59,10
1240,XTZUSDT,BSWUSDT,0.0,-4.24,-3.37,6.01,10
955,TWTUSDT,RNDRUSDT,0.03,-3.48,-3.37,0.68,10
904,TRBUSDT,MAGICUSDT,0.01,-4.07,-3.37,10.62,10
1173,XMRUSDT,GLMRUSDT,0.0,-4.19,-3.37,411.64,10
1147,XMRUSDT,1INCHUSDT,0.0,-4.27,-3.37,292.43,10
339,PAXGUSDT,MAGICUSDT,0.0,-5.07,-3.37,1390.69,10
432,QNTUSDT,ENSUSDT,0.0,-4.49,-3.37,8.44,10
1145,XLMUSDT,LOOKSUSDT,0.0,-4.58,-3.37,0.66,10
460,QNTUSDT,KNCUSDT,0.0,-5.58,-3.37,153.44,10
154,BUSDUSDT,1000BONKUSDT,0.0,-4.32,-3.37,1173.25,10
945,TUSDT,ILVUSDT,0.02,-3.66,-3.37,0.0,10
436,QNTUSDT,ETHWUSDT,0.0,-5.37,-3.37,34.3,10
445,QNTUSDT,GMTUSDT,0.0,-6.91,-3.37,305.84,10
965,UNIUSDT,ASTRUSDT,0.02,-3.6,-3.37,87.84,10
396,QNTUSDT,ARPAUSDT,0.0,-4.19,-3.37,2675.29,10
1232,XTZUSDT,AGIXUSDT,0.03,-3.59,-3.37,2.72,10
206,OPUSDT,VETUSDT,0.02,-3.62,-3.37,103.66,10
504,RENUSDT,CEEKUSDT,0.04,-3.41,-3.37,1.24,10
718,STGUSDT,MKRUSDT,0.02,-3.63,-3.37,0.0,10
1043,WOOUSDT,ATOMUSDT,0.03,-3.57,-3.37,0.02,10
4,1000BONKUSDT,BOBAUSDT,0.02,-3.73,-3.37,0.0,10
270,PAXGUSDT,CTKUSDT,0.0,-4.89,-3.37,2467.86,10
300,PAXGUSDT,GLMRUSDT,0.0,-4.79,-3.37,5195.77,10
1289,YFIUSDT,NKNUSDT,0.04,-3.44,-3.37,72953.94,10
780,SUNUSDT,EGLDUSDT,0.01,-3.93,-3.37,0.0,10
529,REQUSDT,GMXUSDT,0.02,-3.6,-3.37,0.0,10
651,SHIB1000USDT,IOSTUSDT,0.0,-4.22,-3.37,0.98,10
766,SUNUSDT,BCHUSDT,0.0,-4.61,-3.37,0.0,10
765,SUNUSDT,BANDUSDT,0.01,-3.89,-3.37,0.0,10
276,PAXGUSDT,DENTUSDT,0.0,-5.21,-3.37,1767578.66,10
210,PAXGUSDT,1000BONKUSDT,0.0,-4.83,-3.37,2363710.65,10
1344,ZECUSDT,JSTUSDT,0.0,-4.26,-3.37,1487.52,10
277,PAXGUSDT,DGBUSDT,0.0,-4.76,-3.37,200462.54,10
798,SUNUSDT,LOOKSUSDT,0.02,-3.62,-3.37,0.04,10
612,SFPUSDT,LDOUSDT,0.03,-3.55,-3.37,0.2,10
267,PAXGUSDT,CROUSDT,0.0,-4.7,-3.37,28649.99,10
668,SLPUSDT,DUSKUSDT,0.01,-3.86,-3.37,0.02,10
261,PAXGUSDT,CKBUSDT,0.0,-5.13,-3.37,453713.33,10
234,PAXGUSDT,ATOMUSDT,0.0,-5.1,-3.37,165.95,10
1119,XEMUSDT,JSTUSDT,0.01,-4.0,-3.37,1.48,10
624,SHIB1000USDT,AXSUSDT,0.03,-3.5,-3.37,0.0,10
806,SUNUSDT,MKRUSDT,0.04,-3.4,-3.37,0.0,10
528,REQUSDT,FETUSDT,0.04,-3.38,-3.37,0.26,10
1079,WOOUSDT,GTCUSDT,0.02,-3.63,-3.37,0.16,10
644,SHIB1000USDT,FILUSDT,0.03,-3.52,-3.37,0.0,9
371,PEOPLEUSDT,KNCUSDT,0.04,-3.41,-3.37,0.03,9
642,SHIB1000USDT,ENJUSDT,0.04,-3.43,-3.37,0.03,9
885,TRBUSDT,BITUSDT,0.01,-3.8,-3.37,28.72,9
416,QNTUSDT,CFXUSDT,0.0,-4.62,-3.37,327.45,9
635,SHIB1000USDT,COMPUSDT,0.03,-3.56,-3.37,0.0,9
257,PAXGUSDT,CELRUSDT,0.0,-4.27,-3.37,77976.26,9
1236,XTZUSDT,ASTRUSDT,0.01,-4.02,-3.37,16.09,9
643,SHIB1000USDT,ENSUSDT,0.0,-4.68,-3.37,0.0,9
1194,XMRUSDT,NKNUSDT,0.01,-3.79,-3.37,1312.36,9
748,STORJUSDT,KAVAUSDT,0.04,-3.39,-3.37,0.44,9
707,SSVUSDT,LRCUSDT,0.01,-3.85,-3.37,84.5,9
709,SSVUSDT,MATICUSDT,0.0,-5.05,-3.37,28.75,9
747,STORJUSDT,JSTUSDT,0.04,-3.47,-3.37,14.33,9
575,SANDUSDT,GTCUSDT,0.03,-3.48,-3.37,0.36,9
691,SSVUSDT,API3USDT,0.0,-4.12,-3.37,19.86,9
271,PAXGUSDT,CTSIUSDT,0.0,-4.33,-3.37,7811.33,9
894,TRBUSDT,ETHUSDT,0.02,-3.7,-3.37,0.01,9
1189,XMRUSDT,LUNA2USDT,0.0,-4.56,-3.37,117.04,9
1272,YFIUSDT,CRVUSDT,0.0,-4.74,-3.37,8545.99,9
356,PEOPLEUSDT,BATUSDT,0.0,-6.21,-3.37,0.08,9
986,UNIUSDT,KAVAUSDT,0.01,-3.79,-3.37,6.8,9
992,UNIUSDT,NKNUSDT,0.04,-3.38,-3.37,50.2,9
1133,XLMUSDT,CRVUSDT,0.0,-4.31,-3.37,0.1,9
984,UNIUSDT,IOTXUSDT,0.0,-4.53,-3.37,217.87,9
162,LRCUSDT,1000BONKUSDT,0.03,-3.5,-3.37,452.84,9
173,OPUSDT,ASTRUSDT,0.02,-3.67,-3.37,37.38,9
807,SUNUSDT,MTLUSDT,0.04,-3.39,-3.37,0.0,9
680,SOLUSDT,BSWUSDT,0.02,-3.68,-3.37,128.52,9
1118,XEMUSDT,IMXUSDT,0.04,-3.39,-3.37,0.04,9
1188,XMRUSDT,LPTUSDT,0.04,-3.44,-3.37,25.31,9
920,TRUUSDT,CTKUSDT,0.02,-3.76,-3.37,0.09,9
153,ARBUSDT,1000BONKUSDT,0.02,-3.65,-3.37,1866.33,9
1141,XLMUSDT,JSTUSDT,0.04,-3.43,-3.37,3.75,9
1022,VETUSDT,LINAUSDT,0.02,-3.66,-3.37,1.81,9
704,SSVUSDT,IOSTUSDT,0.05,-3.37,-3.37,2844.64,9
773,SUNUSDT,CELOUSDT,0.01,-3.91,-3.37,0.01,9
967,UNIUSDT,BALUSDT,0.02,-3.69,-3.37,0.88,9
1112,XEMUSDT,ETHWUSDT,0.0,-5.22,-3.37,0.01,9
1280,YFIUSDT,GTCUSDT,0.01,-4.09,-3.37,4848.1,9
444,QNTUSDT,GLMRUSDT,0.0,-4.13,-3.37,300.26,9
1245,XTZUSDT,ETHUSDT,0.01,-4.03,-3.37,0.0,9
361,PEOPLEUSDT,EGLDUSDT,0.01,-3.93,-3.37,0.0,9
358,PEOPLEUSDT,BSWUSDT,0.04,-3.46,-3.37,0.13,9
1010,VETUSDT,BITUSDT,0.04,-3.42,-3.37,0.05,9
517,REQUSDT,API3USDT,0.02,-3.63,-3.37,0.06,9
193,OPUSDT,OGNUSDT,0.02,-3.63,-3.37,20.24,9
254,PAXGUSDT,C98USDT,0.0,-5.01,-3.37,7314.69,8
231,PAXGUSDT,ARPAUSDT,0.0,-5.07,-3.37,46288.69,8
1176,XMRUSDT,HBARUSDT,0.0,-4.49,-3.37,2427.42,8
235,PAXGUSDT,AUDIOUSDT,0.0,-4.53,-3.37,5903.97,8
247,PAXGUSDT,BNBUSDT,0.0,-4.43,-3.37,6.05,8
238,PAXGUSDT,BAKEUSDT,0.0,-5.07,-3.37,9417.4,8
304,PAXGUSDT,GRTUSDT,0.0,-4.84,-3.37,12587.62,8
1170,XMRUSDT,FLOWUSDT,0.0,-4.65,-3.37,157.54,8
281,PAXGUSDT,DUSKUSDT,0.0,-5.17,-3.37,10536.09,8
310,PAXGUSDT,HOOKUSDT,0.0,-4.41,-3.37,949.58,8
977,UNIUSDT,FILUSDT,0.01,-3.91,-3.37,1.02,8
347,PAXGUSDT,NEOUSDT,0.0,-4.95,-3.37,159.56,8
312,PAXGUSDT,ICPUSDT,0.0,-4.18,-3.37,335.29,8
302,PAXGUSDT,GMXUSDT,0.0,-5.07,-3.37,24.0,8
317,PAXGUSDT,INJUSDT,0.0,-4.31,-3.37,240.21,8
318,PAXGUSDT,IOSTUSDT,0.0,-5.13,-3.37,176056.1,8
1144,XLMUSDT,LDOUSDT,0.03,-3.56,-3.37,0.04,8
290,PAXGUSDT,FETUSDT,0.0,-4.69,-3.37,5104.55,8
218,PAXGUSDT,ADAUSDT,0.0,-5.17,-3.37,4681.73,8
937,TUSDT,AGIXUSDT,0.02,-3.76,-3.37,0.09,8
157,GFTUSDT,10000NFTUSDT,0.0,-4.11,-3.37,11.39,8
325,PAXGUSDT,KDAUSDT,0.0,-4.91,-3.37,1973.83,8
226,PAXGUSDT,ANTUSDT,0.0,-4.97,-3.37,560.44,8
951,TWTUSDT,AVAXUSDT,0.04,-3.4,-3.37,0.07,8
328,PAXGUSDT,KSMUSDT,0.0,-5.22,-3.37,56.74,8
262,PAXGUSDT,COCOSUSDT,0.0,-4.19,-3.37,1226.57,8
1160,XMRUSDT,BOBAUSDT,0.01,-4.0,-3.37,683.55,8
331,PAXGUSDT,LINKUSDT,0.0,-4.66,-3.37,254.17,8
332,PAXGUSDT,LITUSDT,0.0,-4.97,-3.37,1762.34,8
954,TWTUSDT,ICPUSDT,0.03,-3.5,-3.37,0.21,8
243,PAXGUSDT,BELUSDT,0.0,-4.28,-3.37,2720.02,8
1349,ZECUSDT,MAGICUSDT,0.02,-3.68,-3.37,28.21,8
1316,YGGUSDT,RENUSDT,0.02,-3.77,-3.37,2.6,8
399,QNTUSDT,ATOMUSDT,0.0,-4.5,-3.37,9.59,8
448,QNTUSDT,HFTUSDT,0.0,-4.94,-3.37,169.64,8
637,SHIB1000USDT,DARUSDT,0.0,-4.17,-3.37,0.06,8
632,SHIB1000USDT,C98USDT,0.0,-4.66,-3.37,0.04,8
464,QNTUSDT,LITUSDT,0.0,-4.35,-3.37,101.91,8
402,QNTUSDT,BALUSDT,0.0,-5.79,-3.37,16.75,8
713,STGUSDT,EOSUSDT,0.04,-3.42,-3.37,0.72,8
497,QTUMUSDT,MAGICUSDT,0.02,-3.73,-3.37,2.24,8
616,SFPUSDT,MAGICUSDT,0.02,-3.66,-3.37,0.34,8
423,QNTUSDT,DARUSDT,0.0,-4.55,-3.37,619.33,8
486,QTUMUSDT,BCHUSDT,0.02,-3.69,-3.37,0.02,8
483,QTUMUSDT,AGIXUSDT,0.02,-3.72,-3.37,7.86,8
1324,ZECUSDT,AGIXUSDT,0.01,-3.85,-3.37,99.25,8
550,RSRUSDT,QNTUSDT,0.0,-4.96,-3.37,0.0,8
442,QNTUSDT,FXSUSDT,0.0,-5.31,-3.37,11.94,8
534,REQUSDT,NEARUSDT,0.03,-3.54,-3.37,0.05,8
809,SUNUSDT,NEOUSDT,0.03,-3.53,-3.37,0.0,8
385,QNTUSDT,AAVEUSDT,0.0,-5.8,-3.37,1.47,8
449,QNTUSDT,HIGHUSDT,0.02,-3.69,-3.37,51.14,8
915,TRUUSDT,BSWUSDT,0.0,-4.36,-3.37,0.39,8
513,RENUSDT,SHIB1000USDT,0.0,-4.75,-3.37,9.56,8
1281,YFIUSDT,ICXUSDT,0.02,-3.63,-3.37,26299.36,8
684,SOLUSDT,HFTUSDT,0.04,-3.42,-3.37,34.83,8
907,TRUUSDT,ACHUSDT,0.04,-3.46,-3.37,1.92,8
1276,YFIUSDT,ETHWUSDT,0.0,-5.13,-3.37,2613.67,8
373,PEOPLEUSDT,QNTUSDT,0.0,-5.0,-3.37,0.0,8
454,QNTUSDT,IOTXUSDT,0.0,-6.35,-3.37,4155.37,8
469,QNTUSDT,LTCUSDT,0.02,-3.65,-3.37,1.22,8
1296,YFIUSDT,ZENUSDT,0.01,-3.8,-3.37,818.2,8
1260,YFIUSDT,1INCHUSDT,0.04,-3.43,-3.37,16254.58,8
1267,YFIUSDT,ASTRUSDT,0.03,-3.53,-3.37,127657.18,8
645,SHIB1000USDT,FLMUSDT,0.04,-3.43,-3.37,0.1,8
847,SWEATUSDT,TRXUSDT,0.01,-3.97,-3.37,0.14,8
156,CTCUSDT,1000BONKUSDT,0.0,-4.11,-3.37,435.64,7
1329,ZECUSDT,BSWUSDT,0.0,-4.19,-3.37,219.41,7
981,UNIUSDT,GTCUSDT,0.03,-3.59,-3.37,3.34,7
352,PEOPLEUSDT,1INCHUSDT,0.04,-3.4,-3.37,0.04,7
989,UNIUSDT,LINAUSDT,0.01,-3.88,-3.37,441.23,7
490,QTUMUSDT,DASHUSDT,0.03,-3.47,-3.37,0.06,7
810,SUNUSDT,NKNUSDT,0.0,-4.29,-3.37,0.05,7
772,SUNUSDT,CEEKUSDT,0.0,-4.56,-3.37,0.07,7
194,OPUSDT,OMGUSDT,0.0,-4.39,-3.37,1.85,7
1313,YGGUSDT,JSTUSDT,0.04,-3.4,-3.37,10.13,7
1305,YGGUSDT,BSWUSDT,0.01,-4.07,-3.37,1.49,7
183,OPUSDT,GALUSDT,0.01,-3.87,-3.37,1.3,7
801,SUNUSDT,LUNA2USDT,0.0,-4.66,-3.37,0.0,7
357,PEOPLEUSDT,BITUSDT,0.03,-3.52,-3.37,0.04,7
1246,XTZUSDT,ETHWUSDT,0.02,-3.65,-3.37,0.33,7
1009,VETUSDT,BCHUSDT,0.0,-4.62,-3.37,0.0,7
657,SHIB1000USDT,OGNUSDT,0.0,-4.22,-3.37,0.09,7
700,SSVUSDT,ENJUSDT,0.02,-3.62,-3.37,75.45,7
1382,ZRXUSDT,AGLDUSDT,0.04,-3.4,-3.37,0.54,7
639,SHIB1000USDT,DODOUSDT,0.02,-3.76,-3.37,0.06,7
629,SHIB1000USDT,BLZUSDT,0.0,-4.59,-3.37,0.13,7
1056,WOOUSDT,CELUSDT,0.02,-3.62,-3.37,0.89,7
756,SUNUSDT,ACHUSDT,0.0,-4.28,-3.37,0.16,7
608,SFPUSDT,GTCUSDT,0.01,-3.96,-3.37,0.27,7
732,STMXUSDT,JSTUSDT,0.03,-3.47,-3.37,0.21,7
10,1000BONKUSDT,TRXUSDT,0.02,-3.75,-3.37,0.01,7
696,SSVUSDT,CEEKUSDT,0.01,-3.85,-3.37,378.32,7
377,PEOPLEUSDT,XTZUSDT,0.04,-3.47,-3.37,0.02,7
752,SUNUSDT,1000FLOKIUSDT,0.04,-3.44,-3.37,0.17,7
841,SUSHIUSDT,LINAUSDT,0.0,-4.66,-3.37,83.16,7
1250,XTZUSDT,GTCUSDT,0.0,-4.32,-3.37,0.61,7
914,TRUUSDT,BITUSDT,0.02,-3.64,-3.37,0.14,7
838,SUSHIUSDT,GTCUSDT,0.03,-3.57,-3.37,0.63,7
2,10000NFTUSDT,HOOKUSDT,0.02,-3.7,-3.37,0.0,6
250,PAXGUSDT,BSVUSDT,0.0,-4.58,-3.37,55.89,6
240,PAXGUSDT,BANDUSDT,0.0,-5.05,-3.37,1046.75,6
246,PAXGUSDT,BLZUSDT,0.0,-5.03,-3.37,22990.58,6
251,PAXGUSDT,BSWUSDT,0.0,-5.21,-3.37,10842.77,6
758,SUNUSDT,AGIXUSDT,0.02,-3.76,-3.37,0.01,6
265,PAXGUSDT,COTIUSDT,0.0,-4.12,-3.37,21812.46,6
582,SANDUSDT,MAGICUSDT,0.04,-3.39,-3.37,0.46,6
771,SUNUSDT,C98USDT,0.02,-3.71,-3.37,0.02,6
768,SUNUSDT,BOBAUSDT,0.03,-3.55,-3.37,0.03,6
1352,ZECUSDT,QNTUSDT,0.0,-4.77,-3.37,0.35,6
285,PAXGUSDT,ENSUSDT,0.0,-5.11,-3.37,146.08,6
1288,YFIUSDT,LOOKSUSDT,0.0,-4.13,-3.37,56714.36,6
284,PAXGUSDT,ENJUSDT,0.0,-5.01,-3.37,4666.25,6
717,STGUSDT,IOSTUSDT,0.04,-3.42,-3.37,74.66,6
674,SLPUSDT,NEARUSDT,0.02,-3.75,-3.37,0.0,6
1287,YFIUSDT,LDOUSDT,0.01,-4.07,-3.37,3662.81,6
1156,XMRUSDT,ASTRUSDT,0.04,-3.41,-3.37,2295.98,6
966,UNIUSDT,ATOMUSDT,0.03,-3.48,-3.37,0.5,6
384,QNTUSDT,1INCHUSDT,0.0,-6.18,-3.37,213.32,6
1165,XMRUSDT,DASHUSDT,0.01,-4.03,-3.37,2.81,6
446,QNTUSDT,GMXUSDT,0.0,-4.64,-3.37,1.39,6
438,QNTUSDT,FILUSDT,0.0,-4.92,-3.37,19.36,6
394,QNTUSDT,APTUSDT,0.0,-7.45,-3.37,9.65,6
321,PAXGUSDT,JASMYUSDT,0.0,-4.78,-3.37,311207.8,6
425,QNTUSDT,DENTUSDT,0.01,-4.06,-3.37,102163.38,6
424,QNTUSDT,DASHUSDT,0.0,-6.58,-3.37,2.05,6
1150,XMRUSDT,AGIXUSDT,0.0,-4.2,-3.37,388.03,6
244,PAXGUSDT,BITUSDT,0.0,-5.1,-3.37,3774.17,6
1226,XRPUSDT,KSMUSDT,0.04,-3.44,-3.37,0.01,6
412,QNTUSDT,C98USDT,0.0,-5.3,-3.37,422.93,6
877,THETAUSDT,TRXUSDT,0.02,-3.62,-3.37,16.8,6
400,QNTUSDT,AXSUSDT,0.0,-4.61,-3.37,13.12,6
447,QNTUSDT,GTCUSDT,0.0,-6.35,-3.37,63.62,6
457,QNTUSDT,KAVAUSDT,0.0,-6.64,-3.37,129.65,6
381,QNTUSDT,1000FLOKIUSDT,0.0,-4.3,-3.37,3277.24,6
333,PAXGUSDT,LOOKSUSDT,0.0,-5.02,-3.37,12865.17,6
802,SUNUSDT,MAGICUSDT,0.0,-4.23,-3.37,0.0,6
909,TRUUSDT,ANKRUSDT,0.04,-3.43,-3.37,2.06,6
808,SUNUSDT,NEARUSDT,0.03,-3.58,-3.37,0.0,6
906,TRBUSDT,QNTUSDT,0.02,-3.75,-3.37,0.13,6
480,QNTUSDT,OGNUSDT,0.0,-5.22,-3.37,906.98,6
1212,XNOUSDT,HFTUSDT,0.02,-3.7,-3.37,1.31,6
478,QNTUSDT,NKNUSDT,0.0,-4.77,-3.37,957.39,6
1215,XNOUSDT,MAGICUSDT,0.01,-3.88,-3.37,0.62,6
477,QNTUSDT,NEARUSDT,0.01,-3.77,-3.37,52.43,6
473,QNTUSDT,MASKUSDT,0.0,-6.93,-3.37,21.41,6
472,QNTUSDT,MANAUSDT,0.01,-3.81,-3.37,183.68,6
980,UNIUSDT,GMTUSDT,0.0,-4.17,-3.37,16.04,6
462,QNTUSDT,LDOUSDT,0.0,-4.42,-3.37,48.06,6
326,PAXGUSDT,KLAYUSDT,0.0,-4.92,-3.37,8069.42,6
1157,XMRUSDT,BATUSDT,0.0,-5.57,-3.37,579.62,5
1178,XMRUSDT,ILVUSDT,0.0,-4.39,-3.37,2.58,5
1167,XMRUSDT,EOSUSDT,0.0,-4.32,-3.37,134.56,5
1366,ZENUSDT,ETHUSDT,0.02,-3.7,-3.37,0.01,5
1155,XMRUSDT,ARUSDT,0.01,-3.98,-3.37,18.16,5
220,PAXGUSDT,AGLDUSDT,0.0,-5.41,-3.37,3793.66,5
1115,XEMUSDT,GTCUSDT,0.02,-3.71,-3.37,0.02,5
1362,ZENUSDT,CELUSDT,0.01,-3.88,-3.37,32.37,5
1360,ZENUSDT,BITUSDT,0.03,-3.56,-3.37,20.28,5
155,CTCUSDT,10000NFTUSDT,0.0,-4.3,-3.37,97.6,5
217,PAXGUSDT,ACHUSDT,0.0,-5.61,-3.37,53024.16,5
1331,ZECUSDT,CELUSDT,0.01,-3.8,-3.37,121.77,5
1317,YGGUSDT,SHIB1000USDT,0.0,-4.25,-3.37,24.83,5
199,OPUSDT,SSVUSDT,0.0,-4.4,-3.37,0.08,5
167,OPUSDT,AGLDUSDT,0.01,-4.01,-3.37,4.9,5
174,OPUSDT,BAKEUSDT,0.04,-3.42,-3.37,12.15,5
175,OPUSDT,BLZUSDT,0.03,-3.52,-3.37,29.66,5
166,OPUSDT,AGIXUSDT,0.01,-3.98,-3.37,6.32,5
695,SSVUSDT,BSWUSDT,0.03,-3.5,-3.37,175.09,5
576,SANDUSDT,ILVUSDT,0.04,-3.46,-3.37,0.01,5
269,PAXGUSDT,CTCUSDT,0.0,-4.25,-3.37,5395.19,5
790,SUNUSDT,HBARUSDT,0.0,-4.26,-3.37,0.09,5
578,SANDUSDT,LDOUSDT,0.03,-3.53,-3.37,0.27,5
579,SANDUSDT,LINAUSDT,0.0,-4.45,-3.37,48.13,5
934,TRUUSDT,MATICUSDT,0.03,-3.53,-3.37,0.06,5
797,SUNUSDT,LINAUSDT,0.01,-4.06,-3.37,0.44,5
976,UNIUSDT,ETHWUSDT,0.04,-3.43,-3.37,1.8,5
979,UNIUSDT,GALUSDT,0.01,-3.95,-3.37,3.05,5
972,UNIUSDT,CFXUSDT,0.01,-3.92,-3.37,17.17,5
348,PAXGUSDT,NKNUSDT,0.0,-5.09,-3.37,16561.53,5
994,USDCUSDT,ACHUSDT,0.0,-4.24,-3.37,26.31,5
419,QNTUSDT,CROUSDT,0.01,-3.82,-3.37,1654.21,5
295,PAXGUSDT,FTMUSDT,0.0,-5.18,-3.37,4012.74,5
1001,USDCUSDT,IMXUSDT,0.01,-3.81,-3.37,0.89,5
329,PAXGUSDT,LDOUSDT,0.0,-5.24,-3.37,830.97,4
956,TWTUSDT,SCUSDT,0.02,-3.66,-3.37,1.93,4
763,SUNUSDT,ASTRUSDT,0.01,-4.08,-3.37,0.09,4
451,QNTUSDT,ILVUSDT,0.0,-5.52,-3.37,1.88,4
274,PAXGUSDT,DARUSDT,0.0,-4.98,-3.37,10715.8,4
314,PAXGUSDT,IDUSDT,0.0,-4.18,-3.37,2427.8,4
308,PAXGUSDT,HIGHUSDT,0.0,-4.77,-3.37,884.69,4
306,PAXGUSDT,HBARUSDT,0.0,-5.04,-3.37,30641.76,4
1126,XEMUSDT,SUNUSDT,0.04,-3.43,-3.37,6.66,4
995,USDCUSDT,ADAUSDT,0.04,-3.43,-3.37,2.32,4
335,PAXGUSDT,LQTYUSDT,0.0,-4.89,-3.37,887.75,4
346,PAXGUSDT,NEARUSDT,0.0,-5.11,-3.37,907.14,4
1174,XMRUSDT,GMTUSDT,0.01,-4.11,-3.37,419.22,4
414,QNTUSDT,CELOUSDT,0.0,-5.73,-3.37,169.8,4
1254,XTZUSDT,JSTUSDT,0.02,-3.6,-3.37,40.78,4
433,QNTUSDT,EOSUSDT,0.0,-5.97,-3.37,98.18,4
420,QNTUSDT,CRVUSDT,0.0,-7.67,-3.37,112.15,4
1238,XTZUSDT,BCHUSDT,0.0,-4.34,-3.37,0.01,4
471,QNTUSDT,MAGICUSDT,0.0,-6.57,-3.37,80.47,4
804,SUNUSDT,MATICUSDT,0.0,-4.18,-3.37,0.01,4
242,PAXGUSDT,BCHUSDT,0.0,-5.13,-3.37,15.53,4
799,SUNUSDT,LQTYUSDT,0.02,-3.63,-3.37,0.0,4
343,PAXGUSDT,MINAUSDT,0.0,-5.19,-3.37,2575.77,4
388,QNTUSDT,AGIXUSDT,0.0,-6.42,-3.37,283.13,4
1279,YFIUSDT,GALUSDT,0.02,-3.63,-3.37,4429.13,4
783,SUNUSDT,FILUSDT,0.0,-5.38,-3.37,0.0,4
913,TRUUSDT,BCHUSDT,0.02,-3.74,-3.37,0.0,4
1190,XMRUSDT,MAGICUSDT,0.01,-3.91,-3.37,110.27,4
299,PAXGUSDT,GFTUSDT,0.0,-4.26,-3.37,46258.25,4
344,PAXGUSDT,MKRUSDT,0.0,-5.01,-3.37,2.65,4
1003,USDCUSDT,LOOKSUSDT,0.02,-3.74,-3.37,6.38,4
946,TUSDT,LDOUSDT,0.0,-4.19,-3.37,0.01,4
230,PAXGUSDT,ARBUSDT,0.0,-4.58,-3.37,1266.95,4
248,PAXGUSDT,BNXUSDT,0.0,-4.56,-3.37,3185.17,4
3,10000NFTUSDT,NEOUSDT,0.02,-3.77,-3.37,0.0,4
236,PAXGUSDT,AVAXUSDT,0.0,-4.65,-3.37,103.4,4
291,PAXGUSDT,FILUSDT,0.0,-5.18,-3.37,334.95,4
1103,XEMUSDT,AGIXUSDT,0.01,-3.88,-3.37,0.1,4
237,PAXGUSDT,AXSUSDT,0.0,-4.99,-3.37,226.96,4
263,PAXGUSDT,COMPUSDT,0.0,-4.98,-3.37,45.9,4
280,PAXGUSDT,DOTUSDT,0.0,-5.21,-3.37,306.22,4
256,PAXGUSDT,CELOUSDT,0.0,-4.98,-3.37,2937.54,4
1377,ZILUSDT,SCUSDT,0.03,-3.54,-3.37,0.05,4
273,PAXGUSDT,CVXUSDT,0.0,-5.22,-3.37,341.34,4
219,PAXGUSDT,AGIXUSDT,0.0,-5.22,-3.37,4894.63,4
225,PAXGUSDT,ANKRUSDT,0.0,-5.13,-3.37,56813.1,4
775,SUNUSDT,CFXUSDT,0.01,-3.93,-3.37,0.02,3
1375,ZENUSDT,JSTUSDT,0.0,-5.2,-3.37,395.17,3
409,QNTUSDT,BNBUSDT,0.02,-3.66,-3.37,0.35,3
345,PAXGUSDT,MTLUSDT,0.0,-4.94,-3.37,1579.17,3
699,SSVUSDT,DOTUSDT,0.01,-3.83,-3.37,4.95,3
701,SSVUSDT,ETHUSDT,0.0,-4.79,-3.37,0.02,3
760,SUNUSDT,APEUSDT,0.0,-4.76,-3.37,0.0,3
380,QNTUSDT,10000NFTUSDT,0.05,-3.38,-3.37,30539.08,3
1185,XMRUSDT,KNCUSDT,0.0,-4.24,-3.37,210.33,3
376,PEOPLEUSDT,XMRUSDT,0.0,-4.68,-3.37,0.0,3
525,REQUSDT,DODOUSDT,0.03,-3.54,-3.37,0.56,3
330,PAXGUSDT,LINAUSDT,0.0,-5.26,-3.37,145460.84,3
1169,XMRUSDT,ETHWUSDT,0.0,-6.05,-3.37,47.01,3
1164,XMRUSDT,CRVUSDT,0.0,-4.32,-3.37,153.71,3
1359,ZENUSDT,BCHUSDT,0.01,-4.09,-3.37,0.08,3
255,PAXGUSDT,CEEKUSDT,0.0,-5.32,-3.37,23399.09,3
996,USDCUSDT,AGLDUSDT,0.01,-3.87,-3.37,1.88,3
181,OPUSDT,DODOUSDT,0.02,-3.74,-3.37,14.21,3
531,REQUSDT,LINAUSDT,0.01,-3.96,-3.37,7.4,3
1128,XLMUSDT,1000XECUSDT,0.04,-3.41,-3.37,3.27,3
1361,ZENUSDT,BSWUSDT,0.03,-3.58,-3.37,58.29,3
289,PAXGUSDT,ETHWUSDT,0.0,-5.05,-3.37,593.22,3
685,SOLUSDT,LINAUSDT,0.02,-3.68,-3.37,1727.54,3
164,OPUSDT,1000FLOKIUSDT,0.02,-3.67,-3.37,73.15,3
1131,XLMUSDT,CELUSDT,0.03,-3.54,-3.37,0.31,3
694,SSVUSDT,BCHUSDT,0.03,-3.48,-3.37,0.25,3
1242,XTZUSDT,CELUSDT,0.0,-4.13,-3.37,3.34,3
72,1000BTTUSDT,CTSIUSDT,0.0,-14.33,-3.37,0.0,2
1263,YFIUSDT,AGIXUSDT,0.04,-3.39,-3.37,21577.64,2
784,SUNUSDT,FLOWUSDT,0.0,-4.15,-3.37,0.01,2
74,1000BTTUSDT,CVXUSDT,0.0,-14.14,-3.37,0.0,2
75,1000BTTUSDT,DARUSDT,0.0,-14.13,-3.37,0.01,2
73,1000BTTUSDT,CVCUSDT,0.0,-14.14,-3.37,0.01,2
70,1000BTTUSDT,CTCUSDT,0.0,-14.14,-3.37,0.0,2
71,1000BTTUSDT,CTKUSDT,0.0,-14.13,-3.37,0.0,2
94,1000BTTUSDT,FLOWUSDT,0.0,-14.15,-3.37,0.0,2
12,1000BTTUSDT,1000BONKUSDT,0.0,-14.14,-3.37,1.77,2
69,1000BTTUSDT,CRVUSDT,0.0,-14.17,-3.37,0.0,2
68,1000BTTUSDT,CROUSDT,0.0,-14.13,-3.37,0.02,2
67,1000BTTUSDT,CREAMUSDT,0.0,-14.14,-3.37,0.0,2
95,1000BTTUSDT,FLRUSDT,0.0,-14.17,-3.37,0.05,2
96,1000BTTUSDT,FTMUSDT,0.0,-14.15,-3.37,0.0,2
76,1000BTTUSDT,DASHUSDT,0.0,-14.2,-3.37,0.0,2
11,1000BTTUSDT,10000NFTUSDT,0.0,-14.14,-3.37,0.4,2
788,SUNUSDT,GMTUSDT,0.0,-4.36,-3.37,0.02,2
77,1000BTTUSDT,DENTUSDT,0.0,-14.14,-3.37,1.36,2
87,1000BTTUSDT,EOSUSDT,0.0,-14.18,-3.37,0.0,2
86,1000BTTUSDT,ENSUSDT,0.0,-14.14,-3.37,0.0,2
89,1000BTTUSDT,ETHUSDT,0.0,-14.16,-3.37,0.0,2
1,10000NFTUSDT,HFTUSDT,0.03,-3.48,-3.37,0.01,2
85,1000BTTUSDT,ENJUSDT,0.0,-14.15,-3.37,0.0,2
84,1000BTTUSDT,EGLDUSDT,0.0,-14.14,-3.37,0.0,2
90,1000BTTUSDT,ETHWUSDT,0.0,-14.16,-3.37,0.0,2
66,1000BTTUSDT,COTIUSDT,0.0,-14.26,-3.37,0.02,2
83,1000BTTUSDT,DYDXUSDT,0.0,-14.18,-3.37,0.0,2
796,SUNUSDT,KSMUSDT,0.0,-4.46,-3.37,0.0,2
91,1000BTTUSDT,FETUSDT,0.0,-14.13,-3.37,0.0,2
82,1000BTTUSDT,DUSKUSDT,0.0,-14.14,-3.37,0.01,2
81,1000BTTUSDT,DOTUSDT,0.0,-14.14,-3.37,0.0,2
80,1000BTTUSDT,DOGEUSDT,0.0,-14.13,-3.37,0.02,2
92,1000BTTUSDT,FILUSDT,0.0,-14.15,-3.37,0.0,2
79,1000BTTUSDT,DODOUSDT,0.0,-14.15,-3.37,0.01,2
78,1000BTTUSDT,DGBUSDT,0.0,-14.13,-3.37,0.15,2
93,1000BTTUSDT,FLMUSDT,0.0,-14.13,-3.37,0.01,2
88,1000BTTUSDT,ETCUSDT,0.0,-14.18,-3.37,0.0,2
782,SUNUSDT,ETHUSDT,0.0,-4.81,-3.37,0.0,2
60,1000BTTUSDT,CFXUSDT,0.0,-14.17,-3.37,0.0,2
65,1000BTTUSDT,COREUSDT,0.0,-14.15,-3.37,0.0,2
64,1000BTTUSDT,COMPUSDT,0.0,-14.14,-3.37,0.0,2
43,1000BTTUSDT,BCHUSDT,0.0,-14.14,-3.37,0.0,2
42,1000BTTUSDT,BATUSDT,0.0,-14.16,-3.37,0.01,2
41,1000BTTUSDT,BANDUSDT,0.0,-14.14,-3.37,0.0,2
40,1000BTTUSDT,BALUSDT,0.0,-14.15,-3.37,0.0,2
39,1000BTTUSDT,BAKEUSDT,0.0,-14.14,-3.37,0.01,2
38,1000BTTUSDT,AXSUSDT,0.0,-14.14,-3.37,0.0,2
37,1000BTTUSDT,AVAXUSDT,0.0,-14.13,-3.37,0.0,2
36,1000BTTUSDT,AUDIOUSDT,0.0,-14.13,-3.37,0.0,2
20,1000BTTUSDT,AGIXUSDT,0.0,-14.17,-3.37,0.0,2
35,1000BTTUSDT,ATOMUSDT,0.0,-14.13,-3.37,0.0,2
21,1000BTTUSDT,AGLDUSDT,0.0,-14.19,-3.37,0.0,2
34,1000BTTUSDT,ASTRUSDT,0.0,-14.17,-3.37,0.02,2
33,1000BTTUSDT,ARUSDT,0.0,-14.15,-3.37,0.0,2
22,1000BTTUSDT,AKROUSDT,0.0,-14.16,-3.37,0.31,2
754,SUNUSDT,1INCHUSDT,0.05,-3.38,-3.37,0.01,2
32,1000BTTUSDT,ARPAUSDT,0.0,-14.13,-3.37,0.04,2
23,1000BTTUSDT,ALGOUSDT,0.0,-14.17,-3.37,0.01,2
24,1000BTTUSDT,ALICEUSDT,0.0,-14.13,-3.37,0.0,2
31,1000BTTUSDT,ARBUSDT,0.0,-14.16,-3.37,0.0,2
749,STORJUSDT,LDOUSDT,0.03,-3.51,-3.37,0.16,2
30,1000BTTUSDT,APTUSDT,0.0,-14.18,-3.37,0.0,2
29,1000BTTUSDT,API3USDT,0.0,-14.17,-3.37,0.0,2
28,1000BTTUSDT,APEUSDT,0.0,-14.16,-3.37,0.0,2
27,1000BTTUSDT,ANTUSDT,0.0,-14.14,-3.37,0.0,2
26,1000BTTUSDT,ANKRUSDT,0.0,-14.14,-3.37,0.04,2
44,1000BTTUSDT,BELUSDT,0.0,-14.14,-3.37,0.0,2
45,1000BTTUSDT,BITUSDT,0.0,-14.13,-3.37,0.0,2
46,1000BTTUSDT,BLURUSDT,0.0,-14.15,-3.37,0.0,2
55,1000BTTUSDT,C98USDT,0.0,-14.14,-3.37,0.01,2
63,1000BTTUSDT,COCOSUSDT,0.0,-14.18,-3.37,0.0,2
62,1000BTTUSDT,CKBUSDT,0.0,-14.14,-3.37,0.35,2
61,1000BTTUSDT,CHZUSDT,0.0,-14.13,-3.37,0.01,2
13,1000BTTUSDT,1000FLOKIUSDT,0.0,-14.13,-3.37,0.04,2
25,1000BTTUSDT,ALPHAUSDT,0.0,-14.13,-3.37,0.01,2
59,1000BTTUSDT,CELUSDT,0.0,-14.18,-3.37,0.0,2
776,SUNUSDT,DASHUSDT,0.01,-3.9,-3.37,0.0,2
58,1000BTTUSDT,CELRUSDT,0.0,-14.28,-3.37,0.06,2
14,1000BTTUSDT,1000LUNCUSDT,0.0,-14.17,-3.37,0.01,2
57,1000BTTUSDT,CELOUSDT,0.0,-14.14,-3.37,0.0,2
56,1000BTTUSDT,CEEKUSDT,0.0,-14.16,-3.37,0.02,2
15,1000BTTUSDT,1000XECUSDT,0.0,-14.16,-3.37,0.05,2
47,1000BTTUSDT,BLZUSDT,0.0,-14.14,-3.37,0.02,2
54,1000BTTUSDT,BUSDUSDT,0.0,-14.15,-3.37,0.0,2
53,1000BTTUSDT,BTCUSDT,0.0,-14.19,-3.37,0.0,2
52,1000BTTUSDT,BSWUSDT,0.0,-14.17,-3.37,0.01,2
16,1000BTTUSDT,1INCHUSDT,0.0,-14.15,-3.37,0.0,2
51,1000BTTUSDT,BSVUSDT,0.0,-14.16,-3.37,0.0,2
17,1000BTTUSDT,AAVEUSDT,0.0,-14.16,-3.37,0.0,2
50,1000BTTUSDT,BOBAUSDT,0.0,-14.13,-3.37,0.01,2
49,1000BTTUSDT,BNXUSDT,0.0,-14.15,-3.37,0.0,2
18,1000BTTUSDT,ACHUSDT,0.0,-14.15,-3.37,0.04,2
48,1000BTTUSDT,BNBUSDT,0.0,-14.15,-3.37,0.0,2
19,1000BTTUSDT,ADAUSDT,0.0,-14.14,-3.37,0.0,2
97,1000BTTUSDT,FXSUSDT,0.0,-14.15,-3.37,0.0,2
245,PAXGUSDT,BLURUSDT,0.0,-4.55,-3.37,2847.87,2
98,1000BTTUSDT,GALAUSDT,0.0,-14.15,-3.37,0.03,2
949,TUSDT,MAGICUSDT,0.03,-3.52,-3.37,0.02,2
147,1000BTTUSDT,NEARUSDT,0.0,-14.13,-3.37,0.0,2
146,1000BTTUSDT,MTLUSDT,0.0,-14.16,-3.37,0.0,2
145,1000BTTUSDT,MKRUSDT,0.0,-14.14,-3.37,0.0,2
144,1000BTTUSDT,MINAUSDT,0.0,-14.15,-3.37,0.0,2
99,1000BTTUSDT,GALUSDT,0.0,-14.17,-3.37,0.0,2
143,1000BTTUSDT,MATICUSDT,0.0,-14.15,-3.37,0.0,2
1172,XMRUSDT,FXSUSDT,0.03,-3.56,-3.37,16.36,2
142,1000BTTUSDT,MASKUSDT,0.0,-14.19,-3.37,0.0,2
342,PAXGUSDT,MATICUSDT,0.0,-5.31,-3.37,1778.3,2
141,1000BTTUSDT,MANAUSDT,0.0,-14.13,-3.37,0.0,2
140,1000BTTUSDT,MAGICUSDT,0.0,-14.17,-3.37,0.0,2
1186,XMRUSDT,LDOUSDT,0.0,-5.01,-3.37,65.87,2
350,PAXGUSDT,OGNUSDT,0.0,-5.09,-3.37,15689.82,2
139,1000BTTUSDT,LUNA2USDT,0.0,-14.19,-3.37,0.0,2
138,1000BTTUSDT,LTCUSDT,0.0,-14.13,-3.37,0.0,2
137,1000BTTUSDT,LRCUSDT,0.0,-14.14,-3.37,0.0,2
136,1000BTTUSDT,LQTYUSDT,0.0,-14.17,-3.37,0.0,2
135,1000BTTUSDT,LPTUSDT,0.0,-14.15,-3.37,0.0,2
134,1000BTTUSDT,LOOKSUSDT,0.0,-14.19,-3.37,0.01,2
148,1000BTTUSDT,NEOUSDT,0.0,-14.14,-3.37,0.0,2
323,PAXGUSDT,JSTUSDT,0.0,-5.13,-3.37,73541.12,2
132,1000BTTUSDT,LINKUSDT,0.0,-14.16,-3.37,0.0,2
149,1000BTTUSDT,NKNUSDT,0.0,-14.18,-3.37,0.01,2
233,PAXGUSDT,ASTRUSDT,0.0,-5.05,-3.37,28968.29,2
275,PAXGUSDT,DASHUSDT,0.0,-5.05,-3.37,35.41,2
215,PAXGUSDT,1INCHUSDT,0.0,-4.91,-3.37,3690.93,2
214,PAXGUSDT,1000XECUSDT,0.0,-4.96,-3.37,64069.32,2
283,PAXGUSDT,EGLDUSDT,0.0,-4.94,-3.37,48.04,2
211,PAXGUSDT,1000BTTUSDT,0.0,-4.15,-3.37,18643.46,2
288,PAXGUSDT,ETHUSDT,0.0,-5.26,-3.37,0.99,2
293,PAXGUSDT,FLOWUSDT,0.0,-5.09,-3.37,1988.37,2
296,PAXGUSDT,FXSUSDT,0.0,-4.86,-3.37,206.45,2
301,PAXGUSDT,GMTUSDT,0.0,-5.21,-3.37,5290.15,2
1000,USDCUSDT,ICXUSDT,0.0,-4.13,-3.37,2.96,2
163,ONTUSDT,10000NFTUSDT,0.04,-3.38,-3.37,71.31,2
1129,XLMUSDT,AGIXUSDT,0.03,-3.5,-3.37,0.25,2
307,PAXGUSDT,HFTUSDT,0.0,-4.78,-3.37,2934.12,2
313,PAXGUSDT,ICXUSDT,0.0,-5.03,-3.37,5968.11,2
152,1000BTTUSDT,OMGUSDT,0.0,-14.15,-3.37,0.0,2
151,1000BTTUSDT,OGNUSDT,0.0,-14.14,-3.37,0.01,2
150,1000BTTUSDT,OCEANUSDT,0.0,-14.15,-3.37,0.0,2
959,UNIUSDT,AGIXUSDT,0.04,-3.46,-3.37,14.85,2
133,1000BTTUSDT,LITUSDT,0.0,-14.14,-3.37,0.0,2
112,1000BTTUSDT,HOTUSDT,0.0,-14.13,-3.37,0.74,2
131,1000BTTUSDT,LINAUSDT,0.0,-14.17,-3.37,0.12,2
115,1000BTTUSDT,IDUSDT,0.0,-14.14,-3.37,0.0,2
443,QNTUSDT,GALUSDT,0.0,-7.63,-3.37,58.12,2
120,1000BTTUSDT,IOTAUSDT,0.0,-14.16,-3.37,0.01,2
119,1000BTTUSDT,IOSTUSDT,0.0,-14.14,-3.37,0.14,2
118,1000BTTUSDT,INJUSDT,0.0,-14.13,-3.37,0.0,2
102,1000BTTUSDT,GMTUSDT,0.0,-14.17,-3.37,0.0,2
103,1000BTTUSDT,GMXUSDT,0.0,-14.14,-3.37,0.0,2
117,1000BTTUSDT,IMXUSDT,0.0,-14.19,-3.37,0.0,2
104,1000BTTUSDT,GPTUSDT,0.0,-14.16,-3.37,0.02,2
116,1000BTTUSDT,ILVUSDT,0.0,-14.15,-3.37,0.0,2
114,1000BTTUSDT,ICXUSDT,0.0,-14.3,-3.37,0.0,2
122,1000BTTUSDT,JASMYUSDT,0.0,-14.13,-3.37,0.24,2
113,1000BTTUSDT,ICPUSDT,0.0,-14.25,-3.37,0.0,2
105,1000BTTUSDT,GRTUSDT,0.0,-14.13,-3.37,0.01,2
111,1000BTTUSDT,HOOKUSDT,0.0,-14.13,-3.37,0.0,2
106,1000BTTUSDT,GTCUSDT,0.0,-14.19,-3.37,0.0,2
110,1000BTTUSDT,HNTUSDT,0.0,-14.14,-3.37,0.0,2
109,1000BTTUSDT,HIGHUSDT,0.0,-14.14,-3.37,0.0,2
107,1000BTTUSDT,HBARUSDT,0.0,-14.19,-3.37,0.02,2
108,1000BTTUSDT,HFTUSDT,0.0,-14.16,-3.37,0.0,2
415,QNTUSDT,CELUSDT,0.0,-7.18,-3.37,347.35,2
121,1000BTTUSDT,IOTXUSDT,0.0,-14.19,-3.37,0.06,2
101,1000BTTUSDT,GLMRUSDT,0.0,-14.13,-3.37,0.0,2
126,1000BTTUSDT,KDAUSDT,0.0,-14.14,-3.37,0.0,2
844,SUSHIUSDT,MAGICUSDT,0.02,-3.73,-3.37,0.8,2
130,1000BTTUSDT,LDOUSDT,0.0,-14.19,-3.37,0.0,2
125,1000BTTUSDT,KAVAUSDT,0.0,-14.15,-3.37,0.0,2
129,1000BTTUSDT,KSMUSDT,0.0,-14.22,-3.37,0.0,2
128,1000BTTUSDT,KNCUSDT,0.0,-14.17,-3.37,0.0,2
100,1000BTTUSDT,GFTUSDT,0.0,-14.17,-3.37,0.03,2
123,1000BTTUSDT,JOEUSDT,0.0,-14.13,-3.37,0.0,2
124,1000BTTUSDT,JSTUSDT,0.0,-14.16,-3.37,0.06,2
127,1000BTTUSDT,KLAYUSDT,0.0,-14.26,-3.37,0.01,2
298,PAXGUSDT,GALUSDT,0.0,-5.31,-3.37,1004.73,1
294,PAXGUSDT,FLRUSDT,0.0,-5.11,-3.37,59363.86,1
258,PAXGUSDT,CELUSDT,0.0,-5.1,-3.37,6003.56,1
278,PAXGUSDT,DODOUSDT,0.0,-5.16,-3.37,11011.32,1
1110,XEMUSDT,CELUSDT,0.01,-3.92,-3.37,0.12,1
1004,USDCUSDT,MASKUSDT,0.02,-3.61,-3.37,0.18,1
1002,USDCUSDT,IOTXUSDT,0.03,-3.5,-3.37,35.66,1
241,PAXGUSDT,BATUSDT,0.0,-5.07,-3.37,7315.96,1
239,PAXGUSDT,BALUSDT,0.0,-5.28,-3.37,289.82,1
1104,XEMUSDT,ALGOUSDT,0.04,-3.44,-3.37,0.19,1
697,SSVUSDT,CVXUSDT,0.0,-4.52,-3.37,5.52,1
216,PAXGUSDT,AAVEUSDT,0.0,-5.11,-3.37,25.46,1
232,PAXGUSDT,ARUSDT,0.0,-5.02,-3.37,229.11,1
259,PAXGUSDT,CFXUSDT,0.0,-5.18,-3.37,5659.82,1
287,PAXGUSDT,ETCUSDT,0.0,-5.15,-3.37,93.93,1
286,PAXGUSDT,EOSUSDT,0.0,-5.15,-3.37,1698.04,1
268,PAXGUSDT,CRVUSDT,0.0,-5.03,-3.37,1939.6,1
213,PAXGUSDT,1000LUNCUSDT,0.0,-5.37,-3.37,16392.64,1
229,PAXGUSDT,APTUSDT,0.0,-5.33,-3.37,166.86,1
228,PAXGUSDT,API3USDT,0.0,-5.29,-3.37,1228.07,1
998,USDCUSDT,BALUSDT,0.04,-3.45,-3.37,0.14,1
227,PAXGUSDT,APEUSDT,0.0,-5.23,-3.37,460.68,1
222,PAXGUSDT,ALGOUSDT,0.0,-5.07,-3.37,9332.35,1
999,USDCUSDT,ETCUSDT,0.03,-3.58,-3.37,0.05,1
316,PAXGUSDT,IMXUSDT,0.0,-5.16,-3.37,1803.3,1
997,USDCUSDT,APEUSDT,0.05,-3.37,-3.37,0.23,1
791,SUNUSDT,ILVUSDT,0.01,-4.0,-3.37,0.0,1
793,SUNUSDT,IOTXUSDT,0.0,-5.13,-3.37,0.22,1
792,SUNUSDT,IOTAUSDT,0.01,-4.01,-3.37,0.03,1
764,SUNUSDT,BALUSDT,0.02,-3.71,-3.37,0.0,1
774,SUNUSDT,CELUSDT,0.0,-4.63,-3.37,0.02,1
1175,XMRUSDT,GTCUSDT,0.0,-4.26,-3.37,87.19,1
341,PAXGUSDT,MASKUSDT,0.0,-5.24,-3.37,370.21,1
1182,XMRUSDT,IOTXUSDT,0.04,-3.39,-3.37,5694.93,1
1163,XMRUSDT,CELUSDT,0.0,-4.18,-3.37,475.99,1
1184,XMRUSDT,KAVAUSDT,0.01,-3.99,-3.37,177.69,1
789,SUNUSDT,GTCUSDT,0.0,-4.2,-3.37,0.0,1
777,SUNUSDT,DODOUSDT,0.0,-4.18,-3.37,0.03,1
351,PAXGUSDT,OMGUSDT,0.0,-5.25,-3.37,1435.93,1
787,SUNUSDT,GALUSDT,0.0,-4.57,-3.37,0.0,1
1293,YFIUSDT,USDCUSDT,0.01,-3.92,-3.37,8854.43,1
334,PAXGUSDT,LPTUSDT,0.0,-5.06,-3.37,319.37,1
795,SUNUSDT,KAVAUSDT,0.0,-4.76,-3.37,0.01,1
753,SUNUSDT,1000LUNCUSDT,0.0,-4.49,-3.37,0.05,1
319,PAXGUSDT,IOTAUSDT,0.0,-5.0,-3.37,9187.0,1
813,SUNUSDT,OMGUSDT,0.0,-4.54,-3.37,0.0,1
305,PAXGUSDT,GTCUSDT,0.0,-5.1,-3.37,1100.03,1
755,SUNUSDT,AAVEUSDT,0.0,-4.13,-3.37,0.0,1
803,SUNUSDT,MASKUSDT,0.0,-5.32,-3.37,0.0,1
315,PAXGUSDT,ILVUSDT,0.0,-5.27,-3.37,32.6,1
369,PEOPLEUSDT,JSTUSDT,0.01,-3.83,-3.37,0.85,1
320,PAXGUSDT,IOTXUSDT,0.0,-5.37,-3.37,71858.35,1
762,SUNUSDT,ARUSDT,0.03,-3.49,-3.37,0.0,1
1148,XMRUSDT,AAVEUSDT,0.0,-4.43,-3.37,2.02,1
1151,XMRUSDT,ALGOUSDT,0.0,-4.79,-3.37,739.77,1
324,PAXGUSDT,KAVAUSDT,0.0,-5.27,-3.37,2242.07,1
1153,XMRUSDT,APTUSDT,0.05,-3.37,-3.37,13.22,1
327,PAXGUSDT,KNCUSDT,0.0,-5.03,-3.37,2654.8,1
761,SUNUSDT,APTUSDT,0.0,-5.32,-3.37,0.0,1
338,PAXGUSDT,LUNA2USDT,0.0,-5.26,-3.37,1477.28,1
